SUB_PROVINCE,Volcanic Centre Name,VOLCANIC_CENTRE_DESCRIPTION_NEW,LAT_CENTRE,LON_CENTRE,COMMENTS,AGE_MA,Bulk Geochem,VEI,Cone Height (m),Recurrence_Interval,Average_Rainfall,Rebuilt_Flank,Max_Slope_Degrees,Max_Slope_%,Water,Recorded_PDC,Geo_PDC,Recorded_Lahar,Geo_Lahar,PM2.5,Built_3km,Shoreline_15km,LavaDelta,DeltaSlope,Unstable_Slopes,Recurrence_score,Lahar_Score,PDC_Score,Tephra_Score,Tsunami_Score,Littoral_Score,Total_Hazard_Score
CH,Aitken_Hill,Lava_shield,-37.609,144.9043,AKA Mt Yuroke,3.804 +- 0.007,Trachybasalt to basaltic trachyandesite,,30.0,10800,518,False,15.64224646,28.0,False,False,False,False,False,7,True,False,False,0,False,4,5,4,3.5,0,0,3.8668105091849996
CH,Baird_Hill,Scoria_cone,-37.3915,143.7341,,,,,40.0,10800,518,False,15.90755193,28.5,False,False,False,False,False,7,True,False,False,0,False,4,3,2,3.5,0,0,2.381850488785
CH,Bald_Hill_Blakeville,Scoria_cone,-37.5277,144.2105,,,,,72.0,10800,518,False,15.21632671,27.2,False,False,False,False,False,7,True,False,False,0,False,4,3,3,3.5,0,0,2.907297880585
CH,Bald_Hill_Daylesford,Scoria_cone,-37.3285,144.11,,,K-Rich Nepheline Hawaiite,,45.0,10800,518,False,19.29004622,35.0,False,False,False,False,False,7,True,False,False,0,False,4,3,2,3.5,0,0,2.381850488785
CH,Bald_Hill_Edgecombe,Lava_shield,-37.1987,144.4557,,,Transitional Basalt,,22.0,10800,518,False,6.27729849,11.0,False,False,False,False,False,7,True,False,False,0,False,4,0,0,3.5,0,0,0.6798578499850001
CH,Bald_Hill_Kalkallo,Lava_shield,-37.5054,144.9755,,7.9331 +- 0.038,Basanite to alkali basalt,,70.0,10800,518,False,13.49573328,24.0,False,False,False,False,False,7,True,False,False,0,False,4,0,3,3.5,0,0,2.256200025385
CH,Bald_Hill_Waubra,Lava_shield,-37.3586,143.6947,,,,,90.0,10800,518,False,11.30993247,20.0,False,False,False,False,False,7,True,False,False,0,False,4,0,3,3.5,0,0,2.256200025385
CH,Bald_Hill_Woodstock,Lava_shield,-36.7702,144.0525,,"1.51 +- 0.06, 1.62, 1.66 +- 0.1,2.89 +-0.1, 5.07",Tholeiite,,50.0,10800,518,False,10.20397372,18.0,False,False,False,False,False,7,True,False,False,0,False,4,0,3,3.5,0,0,2.256200025385
CH,Bankin_Hill_and_Selwood_Hill,Scoria_cone,-37.419,143.7215,,,,,58.0,10800,518,False,13.8743533,24.7,False,False,False,False,False,7,True,False,False,0,False,4,0,3,3.5,0,0,2.256200025385
CH,Bay_Hill,Lava_shield,-37.461,144.626,,,Olivine Basalt,,26.0,10800,518,False,7.237817049,12.7,False,False,False,False,False,7,True,False,False,0,False,4,0,0,3.5,0,0,0.6798578499850001
CH,Beattie_Hill,Lava_shield,-37.5351,144.6125,,,Hawaiite,,22.0,10800,518,False,12.95276451,23.0,False,False,False,False,False,7,True,False,False,0,False,4,0,2,3.5,0,0,1.7307526335849999
CH,Beavers_Hill,Lava_shield,-37.4338,144.1364,,,K-Rich Hawaiite,,24.0,10800,518,False,8.866676044,15.6,False,False,False,False,False,7,True,False,False,0,False,4,0,2,3.5,0,0,1.7307526335849999
CH,Big_Hill_Lexton,Scoria_cone,-37.3187,143.6001,,,Tholeiite,,125.0,10800,518,False,14.5742162,26.0,False,False,False,False,False,7,True,False,False,0,False,4,3,3,3.5,0,0,2.907297880585
CH,Birch_Hill,Scoria_cone,-37.3485,143.9198,Birch Creek Volcanic Complex - highest concentration of scoria cones in NVP,2.16 ± 0.03,K-Rich Hawaiite,,120.0,10800,518,False,19.5957295,35.6,False,False,False,False,False,7,True,False,False,0,False,4,3,3,3.5,0,0,2.907297880585
CH,Black_Hill_Gordon,Scoria_cone,-37.5872,144.0792,,,,,105.0,10800,518,False,21.80140949,40.0,False,False,False,False,False,7,True,False,False,0,False,4,3,3,3.5,0,0,2.907297880585
CH,Brown_Hill,Scoria_cone,-37.4164,143.7029,,,Basaltic Icelandite,,65.0,10800,518,False,13.22455119,23.5,False,False,False,False,False,7,True,False,False,0,False,4,2,5,3.5,0,0,3.741160045785
CH,Bullarook_Hill,Scoria_cone,-37.4147,144.0237,,,K-Rich Hawaiite,,80.0,10800,518,False,16.06640054,28.8,False,False,False,False,False,7,True,False,False,0,False,4,3,3,3.5,0,0,2.907297880585
CH,Burnt_Hill,Scoria_cone,-37.3485,144.0827,,,"Hawaiite, transitional basalt",,42.0,10800,518,False,8.025797031,14.1,False,False,False,False,False,7,True,False,False,0,False,4,0,0,3.5,0,0,0.6798578499850001
CH,Cantwell_Hill,Lava_shield,-37.6352,144.1268,,,Transitional Basalt,,60.0,10800,518,False,12.2980714,21.8,False,False,False,False,False,7,True,False,False,0,False,4,0,3,3.5,0,0,2.256200025385
CH,Cardinal_Hill,Scoria_cone,-37.4034,143.6335,,"1.97 +- 0.03, 1.97 +- 0.04",K-Rich Hawaiite,,65.0,10800,518,False,15.96052949,28.6,False,False,False,False,False,7,True,False,False,0,False,4,3,3,3.5,0,0,2.907297880585
CH,Carlsruhe,Lava_shield,-37.2997,144.5188,,,Tholeiite,,15.0,10800,518,False,14.4130954,25.7,False,False,False,False,False,7,True,False,False,0,False,4,3,2,3.5,0,0,2.381850488785
CH,Cattle_Station_Hill,Scoria_cone,-37.3624,143.8466,Birch Creek Volcanic Complex - highest concentration of scoria cones in NVP,,K-Rich Hawaiite,,54.0,10800,518,False,13.22455119,23.5,False,False,False,False,False,7,True,False,False,0,False,4,0,3,3.5,0,0,2.256200025385
CH,Clarkes_Hill,Scoria_cone,-37.4872,143.9796,,,,,59.0,10800,518,False,11.80489234,20.9,False,False,False,False,False,7,True,False,False,0,False,4,0,3,3.5,0,0,2.256200025385
CH,Cleever_Hill,Lava_shield,-37.5327,144.1682,,,Hawaiite,,47.0,10800,518,False,14.62787095,26.1,False,False,False,False,False,7,True,False,False,0,False,4,3,2,3.5,0,0,2.381850488785
CH,Clover_Hill,Maar_Cone_Volcanic_Complex,-37.3095,143.8902,Birch Creek Volcanic Complex - highest concentration of scoria cones in NVP,2.16,,,47.0,10800,518,False,10.37037918,18.3,False,False,False,False,False,7,True,False,False,0,False,4,0,2,7.0,0,0,2.01061048357
CH,Cloverbank_Hill,Scoria_cone,-37.373,143.7391,,,,,50.2,10800,518,False,14.94924633,26.7,False,False,False,False,False,7,True,False,False,0,False,4,3,3,3.5,0,0,2.907297880585
CH,Coghills_Hill,Scoria_cone,-37.4067,143.7701,,,,,69.0,10800,518,False,17.58861509,31.7,False,False,False,False,False,7,True,False,False,0,False,4,3,3,3.5,0,0,2.907297880585
CH,Cranneys_Hill,Lava_shield,-37.3906,144.3463,,,Transitional basalt,,26.0,10800,518,False,10.03739409,17.7,False,False,False,False,False,7,True,False,False,0,False,4,0,2,3.5,0,0,1.7307526335849999
CH,Crowe_Hill,Lava_shield,-37.5855,144.8686,,4.482 +- 0.01,Trachybasalt,,35.0,10800,518,False,12.40741853,22.0,False,False,False,False,False,7,True,False,False,0,False,4,0,2,3.5,0,0,1.7307526335849999
CH,Currys_Hill,Scoria_cone,-37.3573,144.2141,,,"Basaltic icelandite, olivine tholeiite, transitional basalt",,61.0,10800,518,False,8.474722414,14.9,False,False,False,False,False,7,True,False,False,0,False,4,2,3,3.5,0,0,2.690265262185
CH,Deverall_Hill,Lava_shield,-37.5294,144.6385,,,Quartz tholeiite,,50.0,10800,518,False,29.98494601,57.7,False,False,False,False,False,7,True,False,False,0,False,4,3,3,3.5,0,0,2.907297880585
CH,Dolphins_Hill,Lava_shield,-37.3967,144.2531,,,"Basaltic icelandite, olivine tholeiite, transitional basalt",,16.0,10800,518,False,6.27729849,11.0,False,False,False,False,False,7,True,False,False,0,False,4,2,2,3.5,0,0,2.1648178703850003
CH,Donnelly_Hill,Scoria_cone,-37.3997,144.0471,,,K-Rich Hawaiite,,30.0,10800,518,False,10.37037918,18.3,False,False,False,False,False,7,True,False,False,0,False,4,0,2,3.5,0,0,1.7307526335849999
CH,Eastern_Hill,Lava_shield,-37.3476,144.0526,*** Where is reference for age??,1.82 +- 0.03,Hawaiite,,60.0,10800,518,False,16.3305845,29.3,False,False,False,False,False,7,True,False,False,0,False,4,3,3,3.5,0,0,2.907297880585
CH,Fairbanks Hill,Unknown,-37.6082,144.8638,,,Olivine basalt to trachyandesite,,35.0,10800,518,False,8.75477299,15.4,False,False,False,False,False,7,True,False,False,0,False,4,2,4,3.5,0,0,3.215712653985
CH,Fawcett_Hill,Scoria_cone,-37.1922,143.8361,,,Transitional Basalt,,40.0,10800,518,False,11.08939554,19.6,False,False,False,False,False,7,True,False,False,0,False,4,0,2,3.5,0,0,1.7307526335849999
CH,Fenton_Hill_Sunbury,Scoria_cone,-37.499,144.8055,,2.943 +-0.011,Tholeiite,,81.0,10800,518,False,12.40741853,22.0,False,False,False,False,False,7,True,False,False,0,False,4,0,3,3.5,0,0,2.256200025385
CH,Fenton_Hill_Waubra,Scoria_cone,-37.3478,143.7377,,,,,43.0,10800,518,False,9.648045316,17.0,False,False,False,False,False,7,True,False,False,0,False,4,0,2,3.5,0,0,1.7307526335849999
CH,Fern_Hill,Scoria_cone,-37.3238,144.16779,,,K-Rich Hawaiite,,40.0,10800,518,False,8.138123603,14.3,False,False,False,False,False,7,True,False,False,0,False,4,0,0,3.5,0,0,0.6798578499850001
CH,Fitzgerald_Hill,Lava_shield,-37.5337,144.6662,AKA O'Brien Hill,,Trachyandesite,,37.0,10800,518,False,27.92358972,53.0,False,False,False,False,False,7,True,False,False,0,False,4,5,4,3.5,0,0,3.8668105091849996
CH,Foran_Hill,Scoria_cone,-37.3865,143.6246,,,Hawaiite to K-Rich Hawaiite,,85.0,10800,518,False,18.77803322,34.0,False,False,False,False,False,7,True,False,False,0,False,4,3,3,3.5,0,0,2.907297880585
CH,Forest_Hill,Scoria_cone,-37.3939,143.9631,,,,,120.0,10800,518,False,17.22343619,31.0,False,False,False,False,False,7,True,False,False,0,False,4,3,3,3.5,0,0,2.907297880585
CH,Fraser_Hill,Scoria_cone,-37.3949,143.6966,,,K-Rich Hawaiite,,60.0,10800,518,False,11.30993247,20.0,False,False,False,False,False,7,True,False,False,0,False,4,0,3,3.5,0,0,2.256200025385
CH,GEOVIC_0,Scoria_cone,-37.3863,143.6373,,,,,46.0,10800,518,False,10.86852534,19.2,False,False,False,False,False,7,True,False,False,0,False,4,0,2,3.5,0,0,1.7307526335849999
CH,GEOVIC_116,Lava_shield,-37.2591,144.2063,,,"Nepheline-Hawaiite, K-rich Nepheline-hawaiite, alkali basalt",,66.0,10800,518,False,19.29004622,35.0,False,False,False,False,False,7,True,False,False,0,False,4,3,3,3.5,0,0,2.907297880585
CH,GEOVIC_118,Unknown,-37.2903,144.2423,,,"Basaltic icelandite, olivine tholeiite, transitional basalt",,20.0,10800,518,False,8.978510951,15.8,False,False,False,False,False,7,True,False,False,0,False,4,2,4,3.5,0,0,3.215712653985
CH,GEOVIC_119,Unknown,-37.3452,144.0266,,,"Basaltic icelandite, olivine tholeiite, transitional basalt",,25.0,10800,518,False,5.142764558,9.0,False,False,False,False,False,7,True,False,False,0,False,4,2,2,3.5,0,0,2.1648178703850003
CH,GEOVIC_137,Unknown,-37.3378,143.7405,,,,,33.0,10800,518,False,8.75477299,15.4,False,False,False,False,False,7,True,False,False,0,False,4,0,2,3.5,0,0,1.7307526335849999
CH,GEOVIC_147,Scoria_cone,-37.4475,144.1772,,,"Basaltic icelandite, olivine tholeiite, transitional basalt",,20.0,10800,518,False,8.025797031,14.1,False,False,False,False,False,7,True,False,False,0,False,4,2,2,3.5,0,0,2.1648178703850003
CH,GEOVIC_149,Unknown,-37.3638,144.1996,,,"Basaltic icelandite, olivine tholeiite, transitional basalt",,33.0,10800,518,False,7.744710546,13.6,False,False,False,False,False,7,True,False,False,0,False,4,2,2,3.5,0,0,2.1648178703850003
CH,GEOVIC_291,Lava_shield,-37.388,144.8173,,,Basalt,,31.0,10800,518,False,8.418662878,14.8,False,False,False,False,False,7,True,False,False,0,False,4,0,0,3.5,0,0,0.6798578499850001
CH,GEOVIC_308,Lava_shield,-37.5748,143.9863,,,Alkaline olivine basalt,,24.0,10800,518,False,7.744710546,13.6,False,False,False,False,False,7,True,False,False,0,False,4,0,0,3.5,0,0,0.6798578499850001
CH,GEOVIC_315,Lava_shield,-37.5434,143.8081,,2.56 +- 0.03,Tholeiite to mildly alkalic olivine basalt,,10.0,10800,518,False,2.633749234,4.6,False,False,False,False,False,7,True,False,False,0,False,4,0,0,3.5,0,0,0.6798578499850001
CH,GEOVIC_328,Unknown,-37.5943,143.6505,,,Tholeiite to mildly alkalic olivine basalt,,12.0,10800,518,False,3.433630362,6.0,False,False,False,False,False,7,True,False,False,0,False,4,0,0,3.5,0,0,0.6798578499850001
CH,GEOVIC_359,Lava_shield,-37.5463,144.6758,,,Olivine basalt to trachyandesite,,31.0,10800,518,False,10.20397372,18.0,False,False,False,False,False,7,True,False,False,0,False,4,2,4,3.5,0,0,3.215712653985
CH,GEOVIC_362,Lava_shield,-37.5204,144.68985,,,Olivine basalt to trachyandesite,,20.0,10800,518,False,8.025797031,14.1,False,False,False,False,False,7,True,False,False,0,False,4,2,2,3.5,0,0,2.1648178703850003
CH,GEOVIC_394,Lava_shield,-37.5951,143.9943,,"4 ± 0.1, 3.97, 2.59",Tholeiite to mildly alkalic olivine basalt,,48.0,10800,518,False,13.49573328,24.0,False,False,False,False,False,7,True,False,False,0,False,4,0,2,3.5,0,0,1.7307526335849999
CH,GEOVIC_396,Lava_shield,-37.5254,143.9682,,,Tholeiite to mildly alkalic olivine basalt,,24.0,10800,518,False,5.142764558,9.0,False,False,False,False,False,7,True,False,False,0,False,4,0,0,3.5,0,0,0.6798578499850001
CH,GEOVIC_40,Unknown,-37.3913,144.1978,,,"Basaltic icelandite, olivine tholeiite, transitional basalt",,47.0,10800,518,False,11.96948637,21.2,False,False,False,False,False,7,True,False,False,0,False,4,2,4,3.5,0,0,3.215712653985
CH,GEOVIC_41,Unknown,-37.4292,144.217,,,"Basaltic icelandite, olivine tholeiite, transitional basalt",,19.0,10800,518,False,7.125016349,12.5,False,False,False,False,False,7,True,False,False,0,False,4,2,2,3.5,0,0,2.1648178703850003
CH,GEOVIC_416,Lava_shield,-37.704,144.07752,,,Olivine basalt,,20.0,10800,518,False,9.313598909,16.4,False,False,False,False,False,7,True,False,False,0,False,4,0,2,3.5,0,0,1.7307526335849999
CH,GEOVIC_432,Scoria_cone,-37.3523,143.9704,,,K-Rich Hawaiite,,65.0,10800,518,False,16.69924423,30.0,False,False,False,False,False,7,True,False,False,0,False,4,3,3,3.5,0,0,2.907297880585
CH,GEOVIC_44,Scoria_cone,-37.2581,144.0345,,,Basalt,,5.0,10800,518,False,4.004172941,7.0,False,False,False,False,False,7,True,False,False,0,False,4,0,0,3.5,0,0,0.6798578499850001
CH,GEOVIC_446,Unknown,-37.2781,143.8814,,,Tholeiite to mildly alkalic basalt,,24.0,10800,518,False,7.125016349,12.5,False,False,False,False,False,7,True,False,False,0,False,4,0,0,3.5,0,0,0.6798578499850001
CH,GEOVIC_460,Scoria_cone,-37.3996,143.6597,,,,,12.0,10800,518,False,7.632170072,13.4,False,False,False,False,False,7,True,False,False,0,False,4,0,0,3.5,0,0,0.6798578499850001
CH,GEOVIC_470,Scoria_cone,-37.3313,143.6837,,,,,44.0,10800,518,False,10.37037918,18.3,False,False,False,False,False,7,True,False,False,0,False,4,0,2,3.5,0,0,1.7307526335849999
CH,GEOVIC_471,Scoria_cone,-37.3341,143.6752,,,,,25.0,10800,518,False,10.48121814,18.5,False,False,False,False,False,7,True,False,False,0,False,4,0,2,3.5,0,0,1.7307526335849999
CH,GEOVIC_475,Unknown,-37.3691,143.6047,,,,,31.5,10800,518,False,7.969610394,14.0,False,False,False,False,False,7,True,False,False,0,False,4,0,0,3.5,0,0,0.6798578499850001
CH,GEOVIC_513,Lava_shield,-37.2364,144.5545,,,Basalt,,50.0,10800,518,False,18.26288994,33.0,False,False,False,False,False,7,True,False,False,0,False,4,3,3,3.5,0,0,2.907297880585
CH,GEOVIC_514,Lava_shield,-37.1367,144.513,,,Basalt,,20.0,10800,518,False,6.560196401,11.5,False,False,False,False,False,7,True,False,False,0,False,4,0,0,3.5,0,0,0.6798578499850001
CH,GEOVIC_517,Lava_shield,-37.1848,144.6625,,,Basalt,,50.0,10800,518,False,12.40741853,22.0,False,False,False,False,False,7,True,False,False,0,False,4,0,3,3.5,0,0,2.256200025385
CH,GEOVIC_53,Unknown,-37.2877,144.2376,,,"Basaltic icelandite, olivine tholeiite, transitional basalt",,20.0,10800,518,False,10.75796709,19.0,False,False,False,False,False,7,True,False,False,0,False,4,2,4,3.5,0,0,3.215712653985
CH,GEOVIC_55,Unknown,-37.2982,144.1478,,,Tholeiite to mildly alkalic olivine basalt,,50.0,10800,518,False,17.22343619,31.0,False,False,False,False,False,7,True,False,False,0,False,4,3,3,3.5,0,0,2.907297880585
CH,GEOVIC_563,Lava_shield,-37.1357,144.6265,,,Basalt,,50.0,10800,518,False,10.92377381,19.3,False,False,False,False,False,7,True,False,False,0,False,4,0,3,3.5,0,0,2.256200025385
CH,GEOVIC_564,Unknown,-37.2311,144.8286,,,Basalt,,30.0,10800,518,False,12.78940656,22.7,False,False,False,False,False,7,True,False,False,0,False,4,0,2,3.5,0,0,1.7307526335849999
CH,GEOVIC_565,Lava_shield,-37.5186,144.1373,,,Olivine basalt,,12.0,10800,518,False,5.54035759,9.7,False,False,False,False,False,7,True,False,False,0,False,4,0,0,3.5,0,0,0.6798578499850001
CH,GEOVIC_58,Unknown,-37.3425,144.0322,,,"Basaltic icelandite, olivine tholeiite, transitional basalt",,13.0,10800,518,False,4.972213145,8.7,False,False,False,False,False,7,True,False,False,0,False,4,2,2,3.5,0,0,2.1648178703850003
CH,GEOVIC_605,Unknown,-37.2729,144.8607,,,,,23.0,10800,518,False,8.75477299,15.4,False,False,False,False,False,7,True,False,False,0,False,4,0,2,3.5,0,0,1.7307526335849999
CH,GEOVIC_69,Lava_shield,-37.1111,144.4073,,,"Basaltic icelandite, olivine tholeiite, transitional basalt",,42.0,10800,518,False,20.70659214,37.8,False,False,False,False,False,7,True,False,False,0,False,4,5,4,3.5,0,0,3.8668105091849996
CH,GEOVIC_73,Lava_shield,-37.4165,144.4593,,,"Basaltic icelandite, olivine tholeiite, transitional basalt",,37.0,10800,518,False,10.92377381,19.3,False,False,False,False,False,7,True,False,False,0,False,4,2,4,3.5,0,0,3.215712653985
CH,GEOVIC_74,Lava_shield,-37.3434,144.3822,,,"Basaltic icelandite, olivine tholeiite, transitional basalt",,40.0,10800,518,False,10.64732771,18.8,False,False,False,False,False,7,True,False,False,0,False,4,2,4,3.5,0,0,3.215712653985
CH,Golf_Course_Hill,Lava_shield,-37.3475,144.5292,,"7 ± 0.12, 6.81 ± 0.11",Limburgite,,46.0,10800,518,False,15.21632671,27.2,False,False,False,False,False,7,True,False,False,0,False,4,3,2,3.5,0,0,2.381850488785
CH,Gooches_Hill,Magmatic_Volcanic_Complex,-37.3082,144.2207,Complex,,K-Rich Hawaiite,,80.0,10800,518,False,12.95276451,23.0,False,False,False,False,False,7,True,False,False,0,False,4,0,3,7.0,0,0,2.53605787537
CH,Gordon_Hill,Scoria_cone,-37.2797,143.6368,,,K-Rich Hawaiite,,120.0,10800,518,False,21.05670559,38.5,False,False,False,False,False,7,True,False,False,0,False,4,3,3,3.5,0,0,2.907297880585
CH,Green_Hill_Buninyong,Lava_shield,-37.6284,143.9012,,,Tholeiite to mildly alkalic olivine basalt,,40.0,10800,518,False,13.00716973,23.1,False,False,False,False,False,7,True,False,False,0,False,4,0,2,3.5,0,0,1.7307526335849999
CH,Green_Hill_Metcalfe,Scoria_cone,-37.1513,144.4329,Rosengren_states_lava_and_scoria,,"K-Rich Hawaiite, Transitional Basalt",,90.0,10800,518,False,14.5742162,26.0,False,False,False,False,False,7,True,False,False,0,False,4,3,3,3.5,0,0,2.907297880585
CH,Green_Hill_Newlyn,Lava_shield,-37.3957,144.0213,,,K-Rich Hawaiite,,62.0,10800,518,False,15.85454643,28.4,False,False,False,False,False,7,True,False,False,0,False,4,3,3,3.5,0,0,2.907297880585
CH,Green_Hill_Pootilla,Lava_shield,-37.515,143.9677,,,Tholeiite to mildly alkalic olivine basalt,,37.0,10800,518,False,11.80489234,20.9,False,False,False,False,False,7,True,False,False,0,False,4,0,2,3.5,0,0,1.7307526335849999
CH,Green_Hill_Snake_Valley,Lava_shield,-37.6042,143.6028,,,Tholeiite to mildly alkalic olivine basalt,,21.0,10800,518,False,9.369385096,16.5,False,False,False,False,False,7,True,False,False,0,False,4,0,2,3.5,0,0,1.7307526335849999
CH,Green_Hill_Wallan,Lava_shield,-37.4232,144.9843,,,Basanite to alkali basalt,,60.0,10800,518,False,15.37625125,27.5,False,False,False,False,False,7,True,False,False,0,False,4,3,3,3.5,0,0,2.907297880585
CH,Green_Hills_Greendale,Lava_shield,-37.5006,144.2907,,,Olivine basalt,,32.0,10800,518,False,13.1159085,23.3,False,False,False,False,False,7,True,False,False,0,False,4,0,2,3.5,0,0,1.7307526335849999
CH,Grenville_Hill,Lava_shield,-37.6781,143.8772,,,K-Rich Hawaiite,,34.0,10800,518,False,12.35275639,21.9,False,False,False,False,False,7,True,False,False,0,False,4,0,2,3.5,0,0,1.7307526335849999
CH,Happy_Valley,Magmatic_Volcanic_Complex,-37.7104,143.5616,,5.1 ± 0.08,Tholeiite to mildly alkalic olivine basalt,,30.0,10800,518,False,4.744674289,8.3,False,False,False,False,False,7,True,False,False,0,False,4,0,0,7.0,0,0,0.9597156999700001
CH,Hardie_Hill,Maar,-37.7414,143.8799,,,Tholeiite to mildly alkalic olivine basalt,,68.0,10800,518,False,10.75796709,19.0,False,False,False,False,False,7,True,False,False,0,False,4,0,3,7.0,0,0,2.53605787537
CH,Hayes_Hill,Lava_shield,-37.5391,145.0047,,,Olivine basalt to trachyandesite,,30.0,10800,518,False,13.1159085,23.3,False,False,False,False,False,7,True,False,False,0,False,4,2,4,3.5,0,0,3.215712653985
CH,Heaghney_Hill,Lava_shield,-37.23,144.0085,,,Transitional Basalt,,40.0,10800,518,False,11.19970602,19.8,False,False,False,False,False,7,True,False,False,0,False,4,0,2,3.5,0,0,1.7307526335849999
CH,Hepburn_Lagoon,Maar,-37.3718,143.9969,,,,,16.0,10800,518,False,5.313224638,9.3,False,False,False,False,False,7,True,False,False,0,False,4,0,0,7.0,0,0,0.9597156999700001
CH,Holcombe_Hill,Scoria_cone,-37.2787,144.1992,,,K Rich Nepheline Hawaiite,,60.0,10800,518,False,9.703722541,17.1,False,False,False,False,False,7,True,False,False,0,False,4,0,3,3.5,0,0,2.256200025385
CH,Hopwoods_Hill,Scoria_cone,-37.6098,144.0983,,,Olivine basalt,,60.0,10800,518,False,9.59234969,16.9,False,False,False,False,False,7,True,False,False,0,False,4,0,3,3.5,0,0,2.256200025385
CH,Kangaroo_Hill_Denver,Scoria_cone,-37.2699,144.309,,2.62 +- 0.03,Transitional Basalt,,60.0,10800,518,False,17.9004566,32.3,False,False,False,False,False,7,True,False,False,0,False,4,3,3,3.5,0,0,2.907297880585
CH,Kangaroo_Hills_Kingston,Scoria_cone,-37.3538,144.0073,,,"Basaltic icelandite, olivine tholeiite, transitional basalt",,105.0,10800,518,False,17.4322886,31.4,False,False,False,False,False,7,True,False,False,0,False,4,5,5,3.5,0,0,4.392257900984999
CH,Kelly_Hill_Glengower,Scoria_cone,-37.2617,143.8815,Birch Creek Volcanic Complex - highest concentration of scoria cones in NVP,,,,90.0,10800,518,False,13.00716973,23.1,False,False,False,False,False,7,True,False,False,0,False,4,0,3,3.5,0,0,2.256200025385
CH,Kellys_Hill_Korweinguboora,Lava_shield,-37.4309,144.1278,,,K-Rich Hawaiite,,34.0,10800,518,False,13.2788363,23.6,False,False,False,False,False,7,True,False,False,0,False,4,0,2,3.5,0,0,1.7307526335849999
CH,Kidds_Hill,Magmatic_Volcanic_Complex,-37.2902,144.2706,,,Transitional basalt,,30.0,10800,518,False,8.474722414,14.9,False,False,False,False,False,7,True,False,False,0,False,4,0,0,7.0,0,0,0.9597156999700001
CH,Lady_Franklin,Scoria_cone,-37.2946,144.1394,,,Tholeiite to mildly alkalic olivine basalt,,40.0,10800,518,False,16.01347905,28.7,False,False,False,False,False,7,True,False,False,0,False,4,3,2,3.5,0,0,2.381850488785
CH,Lady_Mount,Scoria_cone,-37.4224,143.6468,,,,,77.0,10800,518,False,18.46931941,33.4,False,False,False,False,False,7,True,False,False,0,False,4,3,3,3.5,0,0,2.907297880585
CH,Lake_Burrumbeet_Callender_Bay,Maar_Cone_Volcanic_Complex,-37.4848,143.6332,,,K-Rich Hawaiite,,80.0,10800,518,False,12.24336364,21.7,True,False,False,False,False,7,True,False,False,0,False,4,5,3,8.5,12,6,4.617743368671001
CH,Lane_Hill,Scoria_cone,-37.2235,143.816,,,,,33.0,10800,518,False,7.744710546,13.6,False,False,False,False,False,7,True,False,False,0,False,4,0,0,3.5,0,0,0.6798578499850001
CH,Langdon_Hill,Lava_shield,-37.4184,144.0603,,,K-Rich Hawaiite,,55.0,10800,518,False,19.13677418,34.7,False,False,False,False,False,7,True,False,False,0,False,4,3,3,3.5,0,0,2.907297880585
CH,Leishman_Complex,Magmatic_Volcanic_Complex,-37.2642,143.8328,,,K-Rich Hawaiite,,70.0,10800,518,False,9.313598909,16.4,False,False,False,False,False,7,True,False,False,0,False,4,0,3,7.0,0,0,2.53605787537
CH,Leonards_Hill,Lava_shield,-37.4233,144.1204,,,K-Rich Hawaiite,,55.0,10800,518,False,11.19970602,19.8,False,False,False,False,False,7,True,False,False,0,False,4,0,3,3.5,0,0,2.256200025385
CH,Liafall,Lava_shield,-37.311,144.9347,,4.68 +- 0.06,Tholeiite,,35.0,10800,518,False,7.35056137,12.9,False,False,False,False,False,7,True,False,False,0,False,4,0,0,3.5,0,0,0.6798578499850001
CH,Little_Bullengarook,Scoria_cone,-37.505,144.5159,AKA Haires Hill,,Hawaiite,,38.4,10800,518,False,18.41775837,33.3,False,False,False,False,False,7,True,False,False,0,False,4,3,2,3.5,0,0,2.381850488785
CH,Little_Hill_Lawrence,Scoria_cone,-37.3205,143.9152,AKA Woodhouse Hill,2.16,,,45.0,10800,518,False,10.86852534,19.2,False,False,False,False,False,7,True,False,False,0,False,4,0,2,3.5,0,0,1.7307526335849999
CH,Madden_Hill,Magmatic_Volcanic_Complex,-37.4892,144.0037,,,"Hawaiite, transitional basalt",,41.0,10800,518,False,13.71223686,24.4,False,False,False,False,False,7,True,False,False,0,False,4,0,2,7.0,0,0,2.01061048357
CH,Magnet_Hill,Lava_shield,-37.4729,144.5992,,,Olivine tholeiite,,36.0,10800,518,False,16.90927181,30.4,False,False,False,False,False,7,True,False,False,0,False,4,3,2,3.5,0,0,2.381850488785
CH,Maiden_Hill,Scoria_cone,-37.2893,143.6145,,,,,91.0,10800,518,False,18.93196825,34.3,False,False,False,False,False,7,True,False,False,0,False,4,3,3,3.5,0,0,2.907297880585
CH,McIvor_Hill,Scoria_cone,-37.241,143.8657,,2.85 +- 0.04,K-Rich Hawaiite,,60.0,10800,518,False,12.07910463,21.4,False,False,False,False,False,7,True,False,False,0,False,4,0,3,3.5,0,0,2.256200025385
CH,McLean_Hill,Scoria_cone,-37.4345,143.7506,,,,,54.0,10800,518,False,13.44154572,23.9,False,False,False,False,False,7,True,False,False,0,False,4,0,3,3.5,0,0,2.256200025385
CH,Melbourne_Hill,Lava_shield,-37.2997,144.7445,,4.31,Tholeiite,,66.0,10800,518,False,11.91464383,21.1,False,False,False,False,False,7,True,False,False,0,False,4,0,3,3.5,0,0,2.256200025385
CH,Merin_Hill,Scoria_cone,-37.2111,143.8114,,,,,52.0,10800,518,False,9.59234969,16.9,False,False,False,False,False,7,True,False,False,0,False,4,0,3,3.5,0,0,2.256200025385
CH,Molonghip_Hill,Scoria_cone,-37.4844,144.0377,,,Tholeiite,,45.0,10800,518,False,7.406912128,13.0,False,False,False,False,False,7,True,False,False,0,False,4,0,0,3.5,0,0,0.6798578499850001
CH,MONVOLC_2,Unknown,-37.2395,144.4372,,,"Basaltic icelandite, olivine tholeiite, transitional basalt",,27.0,10800,518,False,8.250387229,14.5,False,False,False,False,False,7,True,False,False,0,False,4,2,2,3.5,0,0,2.1648178703850003
CH,Morton_Hill,Scoria_cone,-37.4237,143.7519,,,,,22.0,10800,518,False,8.474722414,14.9,False,False,False,False,False,7,True,False,False,0,False,4,0,0,3.5,0,0,0.6798578499850001
CH,Mossops_Hill,Lava_shield,-37.4056,144.1966,,,"Basaltic icelandite, olivine tholeiite, transitional basalt",,37.0,10800,518,False,9.870642846,17.4,False,False,False,False,False,7,True,False,False,0,False,4,2,4,3.5,0,0,3.215712653985
CH,Mt_Aitken,Lava_shield,-37.5465,144.6424,,,Basaltic trachyandesite,,58.0,10800,518,False,24.89130012,46.4,False,False,False,False,False,7,True,False,False,0,False,4,5,5,3.5,0,0,4.392257900984999
CH,Mt_Beckworth,Scoria_cone,-37.309,143.6738,,,,,58.0,10800,518,False,10.8132564,19.1,False,False,False,False,False,7,True,False,False,0,False,4,0,3,3.5,0,0,2.256200025385
CH,Mt_Blackwood,Scoria_cone,-37.5572,144.3604,,,Olivine basalt,,110.0,10800,518,False,19.5957295,35.6,False,False,False,False,False,7,True,False,False,0,False,4,3,3,3.5,0,0,2.907297880585
CH,Mt_Blowhard,Scoria_cone,-37.4529,143.8,,,Hawaiite,,90.0,10800,518,False,13.98230535,24.9,False,False,False,False,False,7,True,False,False,0,False,4,0,3,3.5,0,0,2.256200025385
CH,Mt_Bullengarook,Scoria_cone,-37.5099,144.4931,,"3.64 ± 0.1, 3.31  ± 0.1",Hawaiite,,150.0,10800,518,False,17.95232431,32.4,False,False,False,False,False,7,True,False,False,0,False,4,3,4,3.5,0,0,3.432745272385
CH,Mt_Buninyong,Magmatic_Volcanic_Complex,-37.6532,143.9238,,"4, 4.02 +- 0.06","Transitional basalt, Nepheline Hawaiite",,225.0,10800,518,False,26.97609396,50.9,False,False,False,False,False,7,True,False,False,0,False,4,3,4,7.0,0,0,3.7126031223700005
CH,Mt_Cameron,Scoria_cone,-37.2008,143.8146,,,K-Rich Hawaiite,,105.0,10800,518,False,15.37625125,27.5,False,False,False,False,False,7,True,False,False,0,False,4,3,3,3.5,0,0,2.907297880585
CH,Mt_Cavern,Scoria_cone,-37.4104,143.7851,,,,,40.0,10800,518,False,17.38012006,31.3,False,False,False,False,False,7,True,False,False,0,False,4,3,2,3.5,0,0,2.381850488785
CH,Mt_Consultation,Lava_shield,-37.0983,144.1686,,,Hawaiite,,57.0,10800,518,False,23.94122105,44.4,False,False,False,False,False,7,True,False,False,0,False,4,3,3,3.5,0,0,2.907297880585
CH,Mt_Darriwill,Scoria_cone,-37.631,144.2764,,,Olivine basalt,,41.0,10800,518,False,11.42007417,20.2,False,False,False,False,False,7,True,False,False,0,False,4,0,2,3.5,0,0,1.7307526335849999
CH,Mt_Duntulm,Scoria_cone,-37.2062,143.8556,,,,,70.0,10800,518,False,17.06648621,30.7,False,False,False,False,False,7,True,False,False,0,False,4,3,3,3.5,0,0,2.907297880585
CH,Mt_Franklin,Magmatic_Volcanic_Complex,-37.2647,144.1498,,0.110 ± 0.014,"K-Nepheline Hawaiite, Nepheline mugearite",,180.0,10800,518,False,26.83941035,50.6,False,False,False,False,False,7,True,False,False,0,False,4,3,4,7.0,0,0,3.7126031223700005
CH,Mt_Fraser,Scoria_cone,-37.4616,144.9783,,0.804 +- 0.002,"Trachybasalt, alkali basalt, transitional basalt, tholeiite, Hawaiite",,105.0,10800,518,False,17.9004566,32.3,False,False,False,False,False,7,True,False,False,0,False,4,3,3,3.5,0,0,2.907297880585
CH,Mt_Gap,Scoria_cone,-37.3346,143.6927,,,,,99.0,10800,518,False,18.15949047,32.8,False,False,False,False,False,7,True,False,False,0,False,4,3,3,3.5,0,0,2.907297880585
CH,Mt_Gisborne,Magmatic_Volcanic_Complex,-37.5212,144.5904,,4.06,Trachyandesite to trachydacite,,51.0,10800,518,False,4.232173805,7.4,False,False,False,False,False,7,True,False,False,0,False,4,2,3,7.0,0,0,2.97012311217
CH,Mt_Glasgow,Scoria_cone,-37.2102,143.7532,,,Nepheline Hawaiite,,95.0,10800,518,False,16.64666484,29.9,False,False,False,False,False,7,True,False,False,0,False,4,3,3,3.5,0,0,2.907297880585
CH,Mt_Gorong,Lava_shield,-37.6081,144.2493,,,Fe-rich olivine basalt,,54.0,10800,518,False,10.86852534,19.2,False,False,False,False,False,7,True,False,False,0,False,4,0,3,3.5,0,0,2.256200025385
CH,Mt_Greenock,Scoria_cone,-37.201,143.7251,,2.78 +- 0.04,K-Rich Hawaiite,,110.0,10800,518,False,23.84542867,44.2,False,False,False,False,False,7,True,False,False,0,False,4,3,3,3.5,0,0,2.907297880585
CH,Mt_Holden,Scoria_cone,-37.5645,144.6925,,,Fe-rich basalt,,60.0,10800,518,False,19.54486233,35.5,False,False,False,False,False,7,True,False,False,0,False,4,3,3,3.5,0,0,2.907297880585
CH,Mt_Hollowback,Scoria_cone,-37.4408,143.8187,,,,,129.0,10800,518,False,17.9004566,32.3,False,False,False,False,False,7,True,False,False,0,False,4,3,3,3.5,0,0,2.907297880585
CH,Mt_Hydewell,Lava_shield,-37.6235,144.2252,Significant_source_of_lava,,,,25.0,10800,518,False,4.630848134,8.1,False,False,False,False,False,7,True,False,False,0,False,4,0,0,3.5,0,0,0.6798578499850001
CH,Mt_Kooroocheang,Magmatic_Volcanic_Complex,-37.297,143.9843,,,"Transitional basalt, Hawaiite",,170.0,10800,518,False,24.22774532,45.0,False,False,False,False,False,7,True,False,False,0,False,4,3,4,7.0,0,0,3.7126031223700005
CH,Mt_Mitchell,Magmatic_Volcanic_Complex,-37.2847,143.5838,,,K-Rich Hawaiite,,103.0,10800,518,False,15.85454643,28.4,False,False,False,False,False,7,True,False,False,0,False,4,3,3,7.0,0,0,3.1871557305700002
CH,Mt_Moolort,Lava_shield,-37.0474,143.8604,,3.11 +- 0.03,K-Rich Nepheline Hawaiite,,85.0,10800,518,False,18.67525326,33.8,False,False,False,False,False,7,True,False,False,0,False,4,3,3,3.5,0,0,2.907297880585
CH,Mt_Moorookyle,Scoria_cone,-37.2947,143.9403,Birch Creek Volcanic Complex - highest concentration of scoria cones in NVP,,,,147.0,10800,518,False,20.25406082,36.9,False,False,False,False,False,7,True,False,False,0,False,4,3,3,3.5,0,0,2.907297880585
CH,Mt_Pisgah,Scoria_cone,-37.4626,143.818,,,K-Rich Hawaiite,,82.0,10800,518,False,16.85680854,30.3,False,False,False,False,False,7,True,False,False,0,False,4,3,3,3.5,0,0,2.907297880585
CH,Mt_Prospect,Lava_shield,-37.384,144.0576,,,K-Rich Hawaiite,,43.0,10800,518,False,10.09293983,17.8,False,False,False,False,False,7,True,False,False,0,False,4,0,2,3.5,0,0,1.7307526335849999
CH,Mt_Ridley,Lava_shield,-37.5656,144.9333,,4.607 +_ 0.007,Trachybasalt to alkali basalt,,45.0,10800,518,False,16.43605922,29.5,False,False,False,False,False,7,True,False,False,0,False,4,3,2,3.5,0,0,2.381850488785
CH,Mt_Rowan,Scoria_cone,-37.5,143.8381,,2.97 ± 0.06,Tholeiite to mildly alkalic olivine basalt,,45.0,10800,518,False,11.91464383,21.1,False,False,False,False,False,7,True,False,False,0,False,4,0,2,3.5,0,0,1.7307526335849999
CH,Mt_Steiglitz,Scoria_cone,-37.5648,144.2335,,,Hawaiite,,90.0,10800,518,False,16.69924423,30.0,False,False,False,False,False,7,True,False,False,0,False,4,3,3,3.5,0,0,2.907297880585
CH,Mt_Stewart,Scoria_cone,-37.2647,144.1498,,,K-Rich Hawaiite,,180.0,10800,518,False,26.83941035,50.6,False,False,False,False,False,7,True,False,False,0,False,4,3,4,3.5,0,0,3.432745272385
CH,Mt_Wallace,Lava_shield,-37.7505,144.2133,,,Olivine basalt,,59.0,10800,518,False,9.648045316,17.0,False,False,False,False,False,7,True,False,False,0,False,4,0,3,3.5,0,0,2.256200025385
CH,Mt_Warrenheip,Scoria_cone,-37.5751,143.9582,,"1, 1.04+- 0.03","Alkali Olivine Basalt, K rich Nepheline hawaiite",,189.0,10800,518,False,24.65512293,45.9,False,False,False,False,False,7,True,False,False,0,False,4,3,4,3.5,0,0,3.432745272385
CH,Muses_Hill,Lava_shield,-37.3585,144.3049,,,"Basaltic icelandite, olivine tholeiite, transitional basalt",,30.0,10800,518,False,3.205215931,5.6,False,False,False,False,False,7,True,False,False,0,False,4,2,2,3.5,0,0,2.1648178703850003
CH,ODonnell_Hill,Scoria_cone,-37.5705,144.0955,,,Olivine Basalt,,60.0,10800,518,False,6.842773413,12.0,False,False,False,False,False,7,True,False,False,0,False,4,0,1,3.5,0,0,1.205305241785
CH,Pattens_Hill,Lava_shield,-37.2182,144.3215,,,Transitional Basalt,,60.0,10800,518,False,13.2788363,23.6,False,False,False,False,False,7,True,False,False,0,False,4,0,3,3.5,0,0,2.256200025385
CH,Poverty_Point,Lava_shield,-37.5564,144.1002,,,Hawaiite,,40.0,10800,518,False,12.07910463,21.4,False,False,False,False,False,7,True,False,False,0,False,4,0,2,3.5,0,0,1.7307526335849999
CH,Powlett_Hill,Scoria_cone,-37.26,143.9308,Birch Creek Volcanic Complex - highest concentration of scoria cones in NVP,,Hawaiite,,100.0,10800,518,False,15.26966201,27.3,False,False,False,False,False,7,True,False,False,0,False,4,3,3,3.5,0,0,2.907297880585
CH,Pretty_Sally,Lava_shield,-37.3804,144.9651,,,Basanite to alkali basalt,,35.0,10800,518,False,12.1886332,21.6,False,False,False,False,False,7,True,False,False,0,False,4,0,2,3.5,0,0,1.7307526335849999
CH,Pykes_Hill,Lava_shield,-37.576,144.2773,,,Olivine basalt,,113.0,10800,518,False,15.7484519,28.2,False,False,False,False,False,7,True,False,False,0,False,4,3,3,3.5,0,0,2.907297880585
CH,Quoin_Hill,Scoria_cone,-37.3472,143.6033,,,K-Rich Hawaiite,,100.0,10800,518,False,13.38733365,23.8,False,False,False,False,False,7,True,False,False,0,False,4,0,3,3.5,0,0,2.256200025385
CH,Red_Rock_Gisborne,Lava_shield,-37.5163,144.6455,,,Trachyandesite,,53.0,10800,518,False,15.48273154,27.7,False,False,False,False,False,7,True,False,False,0,False,4,5,5,3.5,0,0,4.392257900984999
CH,Redstone_Hill,Lava_shield,-37.6081,144.7528,,4.043 +- 0.022,Trachybasalt to basaltic trachyandesite,,50.0,10800,518,False,10.86852534,19.2,False,False,False,False,False,7,True,False,False,0,False,4,2,5,3.5,0,0,3.741160045785
CH,Rocky_Hill_Stoney_Rises,Lava_shield,-37.2542,143.9739,,,Tholeiite to mildly alkalic basalt,,48.0,10800,518,False,6.842773413,12.0,False,False,False,False,False,7,True,False,False,0,False,4,0,0,3.5,0,0,0.6798578499850001
CH,Ross_Creek,Lava_shield,-37.6525,143.7357,,,Tholeiite to mildly alkalic olivine basalt,,10.0,10800,518,False,7.012160103,12.3,False,False,False,False,False,7,True,False,False,0,False,4,0,0,3.5,0,0,0.6798578499850001
CH,Ross_Hill,Lava_shield,-37.3435,143.709,,,,,15.0,10800,518,False,5.653859044,9.9,False,False,False,False,False,7,True,False,False,0,False,4,0,0,3.5,0,0,0.6798578499850001
CH,Round_Hill_Broadford,Lava_shield,-37.183,145.0335,,,Olivine basalt to trachyandesite,,34.0,10800,518,False,10.75796709,19.0,False,False,False,False,False,7,True,False,False,0,False,4,2,4,3.5,0,0,3.215712653985
CH,Ryan_Hill,Lava_shield,-37.3729,143.6169,,,,,60.0,10800,518,False,15.05615897,26.9,False,False,False,False,False,7,True,False,False,0,False,4,3,3,3.5,0,0,2.907297880585
CH,Ryans_Hill_Bungal,Lava_shield,-37.6918,144.0968,,,Olivine basalt,,19.0,10800,518,False,5.54035759,9.7,False,False,False,False,False,7,True,False,False,0,False,4,0,0,3.5,0,0,0.6798578499850001
CH,Saddleback_Hill,Scoria_cone,-37.4505,143.6968,,,,,72.0,10800,518,False,13.98230535,24.9,False,False,False,False,False,7,True,False,False,0,False,4,0,3,3.5,0,0,2.256200025385
CH,Saint_Marys_Hill,Scoria_cone,-37.3687,143.5926,,,,,74.0,10800,518,False,15.16296439,27.1,False,False,False,False,False,7,True,False,False,0,False,4,3,3,3.5,0,0,2.907297880585
CH,Scrub_Hill,Scoria_cone,-37.4294,143.9746,,,Transitional Basalt,,43.0,10800,518,False,15.32297021,27.4,False,False,False,False,False,7,True,False,False,0,False,4,3,2,3.5,0,0,2.381850488785
CH,Sister_Hills,Scoria_cone,-37.3921,143.6531,,,,,22.0,10800,518,False,11.034209,19.5,False,False,False,False,False,7,True,False,False,0,False,4,0,2,3.5,0,0,1.7307526335849999
CH,Sister_Hills_Waubra,Scoria_cone,-37.406,143.6451,,,,,60.0,10800,518,False,15.96052949,28.6,False,False,False,False,False,7,True,False,False,0,False,4,3,3,3.5,0,0,2.907297880585
CH,Snake_Hill,Lava_shield,-37.3251,144.2044,,,"Nepheline-Hawaiite, K-rich Nepheline-hawaiite, alkali basalt",,44.0,10800,518,False,7.012160103,12.3,False,False,False,False,False,7,True,False,False,0,False,4,0,0,3.5,0,0,0.6798578499850001
CH,Snowden_Hill,Lava_shield,-37.274,144.334,,,Nepheline Hawaiite,,55.0,10800,518,False,15.64224646,28.0,False,False,False,False,False,7,True,False,False,0,False,4,3,3,3.5,0,0,2.907297880585
CH,Spring_Hill_Springmount,Scoria_cone,-37.4029,143.9335,,,,,94.0,10800,518,False,11.034209,19.5,False,False,False,False,False,7,True,False,False,0,False,4,0,3,3.5,0,0,2.256200025385
CH,Spring_Hill_Trawalla,Lava_shield,-37.4658,143.5027,,,Olivine basalt,,18.0,10800,518,False,4.858462919,8.5,False,False,False,False,False,7,True,False,False,0,False,4,0,0,3.5,0,0,0.6798578499850001
CH,Spring_Hill_Trentham,Lava_shield,-37.3121,144.337,,"3.34 ± 0.07, 3.33",Icelandite,,40.0,10800,518,False,16.96170589,30.5,False,False,False,False,False,7,True,False,False,0,False,4,5,4,3.5,0,0,3.8668105091849996
CH,Spring_Hill_Wallan,Lava_shield,-37.4464,144.9734,,"4.016, 0.878 +- 0.090, 0.88",Tholeiite,,45.0,10800,518,False,8.081968135,14.2,False,False,False,False,False,7,True,False,False,0,False,4,0,0,3.5,0,0,0.6798578499850001
CH,Stewart_Hill,Scoria_cone,-37.2689,143.8984,Birch Creek Volcanic Complex - highest concentration of scoria cones in NVP,,K-Rich Hawaiite,,85.0,10800,518,False,14.78867761,26.4,False,False,False,False,False,7,True,False,False,0,False,4,3,3,3.5,0,0,2.907297880585
CH,Taylor_Hill,Lava_shield,-37.1489,144.6723,,,Basalt,,59.0,10800,518,False,11.85977912,21.0,False,False,False,False,False,7,True,False,False,0,False,4,0,3,3.5,0,0,2.256200025385
CH,The_Bluff_Yalloak_Vale,Volcano_mainly_lava,-37.7182,144.275,,,Olivine basalt,,155.0,10800,518,False,22.63613638,41.7,False,False,False,False,False,7,True,False,False,0,False,4,3,4,3.5,0,0,3.432745272385
CH,The_Sugarloaf_Springfield,Lava_shield,-37.337,144.8222,,,,,42.0,10800,518,False,16.69924423,30.0,False,False,False,False,False,7,True,False,False,0,False,4,3,2,3.5,0,0,2.381850488785
CH,Tipperary_Hill,Scoria_cone,-37.4839,144.0299,,,"Hawaiite, transitional basalt",,47.0,10800,518,False,14.09015621,25.1,False,False,False,False,False,7,True,False,False,0,False,4,3,2,3.5,0,0,2.381850488785
CH,Tourello_Creek,Maar,-37.3157,143.833,,,,,15.0,10800,518,False,3.1480961,5.5,False,False,False,False,False,7,True,False,False,0,False,4,0,0,7.0,0,0,0.9597156999700001
CH,Tregunna,Lava_shield,-37.2476,144.6847,,,Hawaiite,,15.0,10800,518,False,10.48121814,18.5,False,False,False,False,False,7,True,False,False,0,False,4,0,2,3.5,0,0,1.7307526335849999
CH,Troys_Hill,Scoria_cone,-37.3602,143.6181,,,,,49.0,10800,518,False,13.92834194,24.8,False,False,False,False,False,7,True,False,False,0,False,4,0,2,3.5,0,0,1.7307526335849999
CH,Tulloch_Hill,Lava_shield,-37.1908,144.837,,"2.309 +- 0.009, 2.21",Transitional basalt to tholeiite,,40.0,10800,518,False,8.64280258,15.2,False,False,False,False,False,7,True,False,False,0,False,4,0,2,3.5,0,0,1.7307526335849999
CH,Two_Mile_Hill,Scoria_cone,-37.3255,143.7882,,,,,54.0,10800,518,False,13.8743533,24.7,False,False,False,False,False,7,True,False,False,0,False,4,0,3,3.5,0,0,2.256200025385
CH,Unnamed_BM1,Lava_shield,-37.6374,144.2999,,,Olivine basalt,,34.0,10800,518,False,12.07910463,21.4,False,False,False,False,False,7,True,False,False,0,False,4,0,2,3.5,0,0,1.7307526335849999
CH,Unnamed_BM3,Lava_shield,-37.682,144.2248,,,Olivine basalt,,10.0,10800,518,False,4.232173805,7.4,False,False,False,False,False,7,True,False,False,0,False,4,0,0,3.5,0,0,0.6798578499850001
CH,Unnamed_BM4,Magmatic_Volcanic_Complex,-37.5229,144.0424,,,,,20.0,10800,518,False,5.426812499,9.5,False,False,False,False,False,7,True,False,False,0,False,4,0,0,7.0,0,0,0.9597156999700001
CH,Unnamed_BT2,Lava_shield,-37.6747,143.6577,,,Tholeiite to mildly alkalic olivine basalt,,25.0,10800,518,False,10.03739409,17.7,False,False,False,False,False,7,True,False,False,0,False,4,0,2,3.5,0,0,1.7307526335849999
CH,Unnamed_CK1,Lava_shield,-37.0738,143.9484,,,,,54.0,10800,518,False,6.729781961,11.8,False,False,False,False,False,7,True,False,False,0,False,4,0,1,3.5,0,0,1.205305241785
CH,Unnamed_CK3,Lava_shield,-37.3625,143.887,,,Tholeiite to mildly alkalic basalt,,31.0,10800,518,False,10.09293983,17.8,False,False,False,False,False,7,True,False,False,0,False,4,0,2,3.5,0,0,1.7307526335849999
CH,Unnamed_CK7,Lava_shield,-37.3283,143.7591,,,Tholeiite to mildly alkalic basalt,,30.0,10800,518,False,9.034402602,15.9,False,False,False,False,False,7,True,False,False,0,False,4,0,2,3.5,0,0,1.7307526335849999
CH,Unnamed_CN2,Lava_shield,-37.3519,144.3989,,,Trachyandesite (Icelandite),,22.0,10800,518,False,5.653859044,9.9,False,False,False,False,False,7,True,False,False,0,False,4,2,2,3.5,0,0,2.1648178703850003
CH,Unnamed_CN3,Lava_shield,-37.4786,144.0257,,,"Hawaiite, transitional basalt",,48.0,10800,518,False,12.46205773,22.1,False,False,False,False,False,7,True,False,False,0,False,4,0,2,3.5,0,0,1.7307526335849999
CH,Unnamed_CN6,Lava_shield,-37.4285,144.0387,,,"Basaltic icelandite, olivine tholeiite, transitional basalt",,60.0,10800,518,False,11.91464383,21.1,False,False,False,False,False,7,True,False,False,0,False,4,2,5,3.5,0,0,3.741160045785
CH,Unnamed_MB2,Lava_shield,-37.5599,144.8704,,,Basalt,,27.0,10800,518,False,9.536635758,16.8,False,False,False,False,False,7,True,False,False,0,False,4,0,2,3.5,0,0,1.7307526335849999
CH,Unnamed_MB3,Lava_shield,-37.5716,144.6409,,,Olivine basalt to trachyandesite,,52.0,10800,518,False,17.17114902,30.9,False,False,False,False,False,7,True,False,False,0,False,4,5,5,3.5,0,0,4.392257900984999
CH,Unnamed_WD1,Lava_shield,-37.2356,144.8066,,,Basalt,,55.0,10800,518,False,11.42007417,20.2,False,False,False,False,False,7,True,False,False,0,False,4,0,3,3.5,0,0,2.256200025385
CH,Unnamed_WD15,Lava_shield,-37.4343,144.6116,,,Olivine basalt ,,48.0,10800,518,False,16.11929388,28.9,False,False,False,False,False,7,True,False,False,0,False,4,3,2,3.5,0,0,2.381850488785
CH,Unnamed_WD21,Lava_shield,-37.3173,144.5147,,,Olivine basalt ,,41.0,10800,518,False,7.068595117,12.4,False,False,False,False,False,7,True,False,False,0,False,4,0,0,3.5,0,0,0.6798578499850001
CH,Unnamed_WD25,Lava_shield,-37.2365,144.5741,,,Basalt,,60.0,10800,518,False,18.72665887,33.9,False,False,False,False,False,7,True,False,False,0,False,4,3,3,3.5,0,0,2.907297880585
CH,Unnamed_WD3,Lava_shield,-37.2578,144.8894,,,,,15.0,10800,518,False,10.42580853,18.4,False,False,False,False,False,7,True,False,False,0,False,4,0,2,3.5,0,0,1.7307526335849999
CH,Unnamed_WD5,Lava_shield,-37.3348,144.956,,,,,30.0,10800,518,False,10.64732771,18.8,False,False,False,False,False,7,True,False,False,0,False,4,0,2,3.5,0,0,1.7307526335849999
CH,Unnamed_WD9,Lava_shield,-37.2898,144.7709,,,,,20.0,10800,518,False,6.390495315,11.2,False,False,False,False,False,7,True,False,False,0,False,4,0,0,3.5,0,0,0.6798578499850001
CH,Vaughan_Hill,Scoria_cone,-37.3791,143.7183,,,,,71.0,10800,518,False,11.42007417,20.2,False,False,False,False,False,7,True,False,False,0,False,4,0,3,3.5,0,0,2.256200025385
CH,Weatherboard_Hill,Scoria_cone,-37.4397,143.6695,,,Hawaiite,,115.0,10800,518,False,21.80140949,40.0,False,False,False,False,False,7,True,False,False,0,False,4,3,3,3.5,0,0,2.907297880585
CH,Wheeler_Hill,Scoria_cone,-37.3794,144.19,,,"Nepheline-Hawaiite, K-rich Nepheline-hawaiite, alkali basalt",,75.0,10800,518,False,11.42007417,20.2,False,False,False,False,False,7,True,False,False,0,False,4,0,3,3.5,0,0,2.256200025385
CH,Wombat_Hill_Daylesford,Magmatic_Volcanic_Complex,-37.3431,144.1505,,,Nepheline Hawaiite,,40.0,10800,518,False,20.30447371,37.0,False,False,False,False,False,7,True,False,False,0,False,4,3,2,7.0,0,0,2.66170833877
CH,Wombat_Hill_Dean,Scoria_cone,-37.4828,143.9606,,,,,75.0,10800,518,False,10.64732771,18.8,False,False,False,False,False,7,True,False,False,0,False,4,0,3,3.5,0,0,2.256200025385
CH,Woodlands,Lava_shield,-37.346,144.7929,,,,,92.0,10800,518,False,14.68149949,26.2,False,False,False,False,False,7,True,False,False,0,False,4,3,3,3.5,0,0,2.907297880585
CH,Wrights_Hill,Unknown,-37.3557,143.6654,,,,,49.0,10800,518,False,7.35056137,12.9,False,False,False,False,False,7,True,False,False,0,False,4,0,0,3.5,0,0,0.6798578499850001
CH,Yandoit_Hill,Scoria_cone,-37.2231,144.0552,,,Basanite,,83.0,10800,518,False,19.1878966,34.8,False,False,False,False,False,7,True,False,False,0,False,4,3,3,3.5,0,0,2.907297880585
CH,Yendon_Hill,Lava_shield,-37.630714,143.958225,,,,,32.0,10800,518,False,7.012160103,12.3,False,False,False,False,False,7,True,False,False,0,False,4,0,0,3.5,0,0,0.6798578499850001
