fid,lgatype,abbname,lga,shape_Length,shape_Area,_count,_sum,_mean,UFI,PFI,LGA_CODE,LGA_NAME,GAZ_LGA,GAZREGN,ABSLGACODE,TASK_ID,PFI_CR,UFI_OLD,UFI_CR,LABEL_USE_,layer,path,IRSAD_Decile,LGA name,0-14,15-64,64+,Dependency Ratio,Dependency_%
1,CC,ADELAIDE,CITY OF ADELAIDE,0.154831262,0.001505969,15,30991.21442,2066.080962,,,,,,,,,,,,,LGASAZonal — zonal_statistics,/Users/hollytaylor/Documents/Python/Honours Project/Official Maps/Infrastructure layers/LGASAZonal.gpkg|layername=zonal_statistics,9,Adelaide,1450,22299,4152,0.251222028,25.1222028
2,CC,BURNSIDE,CITY OF BURNSIDE,0.329032159,0.002711242,26,46457.14608,1786.813311,,,,,,,,,,,,,LGASAZonal — zonal_statistics,/Users/hollytaylor/Documents/Python/Honours Project/Official Maps/Infrastructure layers/LGASAZonal.gpkg|layername=zonal_statistics,10,Burnside,7821,28586,11037,0.659693556,65.9693556
3,CC,CAMPBELLTOWN,CAMPBELLTOWN CITY COUNCIL,0.270791801,0.002399921,24,57052.72626,2377.196927,,,,,,,,,,,,,LGASAZonal — zonal_statistics,/Users/hollytaylor/Documents/Python/Honours Project/Official Maps/Infrastructure layers/LGASAZonal.gpkg|layername=zonal_statistics,9,Campbelltown (SA),9194,36672,11294,0.558682373,55.8682373
4,CC,MITCHAM,CITY OF MITCHAM,0.446253857,0.007474284,76,70058.32233,921.8200307,,,,,,,,,,,,,LGASAZonal — zonal_statistics,/Users/hollytaylor/Documents/Python/Honours Project/Official Maps/Infrastructure layers/LGASAZonal.gpkg|layername=zonal_statistics,10,Mitcham,11836,43257,14449,0.607647317,60.7647317
5,CC,MOUNT GAMBIER,CITY OF MOUNT GAMBIER,0.271196738,0.00348003,34,27049.17694,795.5640277,,,,,,,,,,,,,LGASAZonal — zonal_statistics,/Users/hollytaylor/Documents/Python/Honours Project/Official Maps/Infrastructure layers/LGASAZonal.gpkg|layername=zonal_statistics,2,Mount Gambier,5031,16864,5951,0.651209677,65.1209677
6,CC,PORT ADELAIDE ENFIELD,CITY OF PORT ADELAIDE ENFIELD,0.766362765,0.009303031,98,139709.2347,1425.604435,,,,,,,,,,,,,LGASAZonal — zonal_statistics,/Users/hollytaylor/Documents/Python/Honours Project/Official Maps/Infrastructure layers/LGASAZonal.gpkg|layername=zonal_statistics,6,Port Adelaide Enfield,22880,94046,21659,0.473587393,47.3587393
7,CC,PORT AUGUSTA,PORT AUGUSTA CITY COUNCIL,2.837864294,0.123107995,1199,14042.59502,11.71192246,,,,,,,,,,,,,LGASAZonal — zonal_statistics,/Users/hollytaylor/Documents/Python/Honours Project/Official Maps/Infrastructure layers/LGASAZonal.gpkg|layername=zonal_statistics,1,Port Augusta,2628,9268,2524,0.555891239,55.5891239
8,CC,PORT LINCOLN,CITY OF PORT LINCOLN,0.348250615,0.003177414,33,14865.27649,450.4629239,,,,,,,,,,,,,LGASAZonal — zonal_statistics,/Users/hollytaylor/Documents/Python/Honours Project/Official Maps/Infrastructure layers/LGASAZonal.gpkg|layername=zonal_statistics,3,Port Lincoln,2725,9105,3188,0.649423394,64.9423394
9,,APY,ANANGU PITJANTJATJARA YANKUNYTJATJARA,15.13306192,9.312183854,102335,2654.00002,0.025934431,,,,,,,,,,,,,LGASAZonal — zonal_statistics,/Users/hollytaylor/Documents/Python/Honours Project/Official Maps/Infrastructure layers/LGASAZonal.gpkg|layername=zonal_statistics,1,Anangu Pitjantjatjara Yankunytjatjara,608,1912,112,0.376569038,37.6569038
10,CC,PROSPECT,CITY OF PROSPECT,0.122815713,0.00076947,6,18241.07373,3040.178955,,,,,,,,,,,,,LGASAZonal — zonal_statistics,/Users/hollytaylor/Documents/Python/Honours Project/Official Maps/Infrastructure layers/LGASAZonal.gpkg|layername=zonal_statistics,9,Prospect,3879,15753,3505,0.468736114,46.8736114
11,CC,,CITY OF SALISBURY,0.713000594,0.016425913,158,148417.4305,939.3508263,,,,,,,,,,,,,LGASAZonal — zonal_statistics,/Users/hollytaylor/Documents/Python/Honours Project/Official Maps/Infrastructure layers/LGASAZonal.gpkg|layername=zonal_statistics,2,Salisbury,28427,97467,23320,0.530918157,53.0918157
12,CC,UNLEY,CITY OF UNLEY,0.171804595,0.001419937,17,45585.70917,2681.512304,,,,,,,,,,,,,LGASAZonal — zonal_statistics,/Users/hollytaylor/Documents/Python/Honours Project/Official Maps/Infrastructure layers/LGASAZonal.gpkg|layername=zonal_statistics,10,Unley,5998,25145,8786,0.587949891,58.7949891
13,CC,WHYALLA,THE CORPORATION OF THE CITY OF WHYALLA,2.427250787,0.107831777,1073,21382.74047,19.92799671,,,,,,,,,,,,,LGASAZonal — zonal_statistics,/Users/hollytaylor/Documents/Python/Honours Project/Official Maps/Infrastructure layers/LGASAZonal.gpkg|layername=zonal_statistics,1,Whyalla,3920,13823,4159,0.584460681,58.4460681
14,CT,WALKERVILLE,THE CORPORATION OF THE TOWN OF WALKERVILLE,0.117679398,0.00035215,5,11545.59973,2309.119946,,,,,,,,,,,,,LGASAZonal — zonal_statistics,/Users/hollytaylor/Documents/Python/Honours Project/Official Maps/Infrastructure layers/LGASAZonal.gpkg|layername=zonal_statistics,10,Walkerville,1278,5172,1970,0.627996906,62.7996906
15,CT,GAWLER,TOWN OF GAWLER,0.381947114,0.004042749,40,25278.79062,631.9697655,,,,,,,,,,,,,LGASAZonal — zonal_statistics,/Users/hollytaylor/Documents/Python/Honours Project/Official Maps/Infrastructure layers/LGASAZonal.gpkg|layername=zonal_statistics,4,Gawler,4803,16291,5695,0.644404886,64.4404886
16,CT,VICTOR HARBOR,CITY OF VICTOR HARBOR,1.18713122,0.038319415,387,16597.82358,42.88843303,,,,,,,,,,,,,LGASAZonal — zonal_statistics,/Users/hollytaylor/Documents/Python/Honours Project/Official Maps/Infrastructure layers/LGASAZonal.gpkg|layername=zonal_statistics,3,Victor Harbor,2091,7641,7137,1.207695328,120.7695328
17,DC,ADELAIDE HILLS,ADELAIDE HILLS COUNCIL,1.903626488,0.078330928,795,44833.29851,56.39408617,,,,,,,,,,,,,LGASAZonal — zonal_statistics,/Users/hollytaylor/Documents/Python/Honours Project/Official Maps/Infrastructure layers/LGASAZonal.gpkg|layername=zonal_statistics,10,Adelaide Hills,7434,25826,8582,0.620150236,62.0150236
18,DC,ADELAIDE PLAINS,ADELAIDE PLAINS COUNCIL,1.879497321,0.102862945,944,11255.16104,11.92284009,,,,,,,,,,,,,LGASAZonal — zonal_statistics,/Users/hollytaylor/Documents/Python/Honours Project/Official Maps/Infrastructure layers/LGASAZonal.gpkg|layername=zonal_statistics,5,Adelaide Plains,2084,7288,1560,0.5,50
19,DC,ALEXANDRINA,ALEXANDRINA COUNCIL,2.20833316,0.1812994,1832,30679.86487,16.74665113,,,,,,,,,,,,,LGASAZonal — zonal_statistics,/Users/hollytaylor/Documents/Python/Honours Project/Official Maps/Infrastructure layers/LGASAZonal.gpkg|layername=zonal_statistics,5,Alexandrina,4247,15983,10093,0.897203278,89.7203278
20,DC,BAROSSA,THE BAROSSA COUNCIL,2.080296432,0.087862683,899,27759.14707,30.87780542,,,,,,,,,,,,,LGASAZonal — zonal_statistics,/Users/hollytaylor/Documents/Python/Honours Project/Official Maps/Infrastructure layers/LGASAZonal.gpkg|layername=zonal_statistics,7,Barossa,4473,15704,6091,0.672694855,67.2694855
21,DC,BARUNGA WEST,BARUNGA WEST COUNCIL,2.321012348,0.167559739,1606,2646.389032,1.647813843,,,,,,,,,,,,,LGASAZonal — zonal_statistics,/Users/hollytaylor/Documents/Python/Honours Project/Official Maps/Infrastructure layers/LGASAZonal.gpkg|layername=zonal_statistics,4,Barunga West,411,1367,902,0.96049744,96.049744
22,DC,BERRI BARMERA,THE BERRI BARMERA COUNCIL,1.870862793,0.049814706,508,10892.47896,21.44188772,,,,,,,,,,,,,LGASAZonal — zonal_statistics,/Users/hollytaylor/Documents/Python/Honours Project/Official Maps/Infrastructure layers/LGASAZonal.gpkg|layername=zonal_statistics,2,Berri Barmera,1630,6467,2633,0.659192825,65.9192825
23,DC,CEDUNA,THE DC OF CEDUNA,6.097665657,0.524543833,5456,3538.313058,0.648517789,,,,,,,,,,,,,LGASAZonal — zonal_statistics,/Users/hollytaylor/Documents/Python/Honours Project/Official Maps/Infrastructure layers/LGASAZonal.gpkg|layername=zonal_statistics,4,Ceduna,783,2210,724,0.681900452,68.1900452
24,DC,CLARE AND GILBERT VALLEYS,CLARE AND GILBERT VALLEYS COUNCIL,2.386852005,0.184673259,1900,9431.774315,4.964091745,,,,,,,,,,,,,LGASAZonal — zonal_statistics,/Users/hollytaylor/Documents/Python/Honours Project/Official Maps/Infrastructure layers/LGASAZonal.gpkg|layername=zonal_statistics,6,Clare and Gilbert Valleys,1552,5398,2455,0.742311967,74.2311967
25,DC,CLEVE,THE DC OF CLEVE,2.839213912,0.487843302,5019,1760.918937,0.350850555,,,,,,,,,,,,,LGASAZonal — zonal_statistics,/Users/hollytaylor/Documents/Python/Honours Project/Official Maps/Infrastructure layers/LGASAZonal.gpkg|layername=zonal_statistics,6,Cleve,337,988,432,0.778340081,77.8340081
26,DC,COOBER PEDY,THE DC OF COOBER PEDY,0.345167239,0.007194457,77,1521.499978,19.75973997,,,,,,,,,,,,,LGASAZonal — zonal_statistics,/Users/hollytaylor/Documents/Python/Honours Project/Official Maps/Infrastructure layers/LGASAZonal.gpkg|layername=zonal_statistics,1,Coober Pedy,171,908,471,0.707048458,70.7048458
27,DC,COORONG,COORONG DISTRICT COUNCIL,6.208949668,0.883115767,8872,5268.644599,0.593850834,,,,,,,,,,,,,LGASAZonal — zonal_statistics,/Users/hollytaylor/Documents/Python/Honours Project/Official Maps/Infrastructure layers/LGASAZonal.gpkg|layername=zonal_statistics,3,Coorong,972,3143,1497,0.785555202,78.5555202
28,DC,COPPER COAST,COPPER COAST COUNCIL,1.475486008,0.077569102,780,16214.90005,20.78833339,,,,,,,,,,,,,LGASAZonal — zonal_statistics,/Users/hollytaylor/Documents/Python/Honours Project/Official Maps/Infrastructure layers/LGASAZonal.gpkg|layername=zonal_statistics,2,Copper Coast,2245,8371,5335,0.905507108,90.5507108
29,DC,ELLISTON,DC OF ELLISTON,4.813160303,0.651695156,6709,1015.78078,0.151405691,,,,,,,,,,,,,LGASAZonal — zonal_statistics,/Users/hollytaylor/Documents/Python/Honours Project/Official Maps/Infrastructure layers/LGASAZonal.gpkg|layername=zonal_statistics,5,Elliston,205,621,215,0.676328502,67.6328502
30,DC,FLINDERS RANGES,THE FLINDERS RANGES COUNCIL,3.428064289,0.394191662,4128,1670.779576,0.404743114,,,,,,,,,,,,,LGASAZonal — zonal_statistics,/Users/hollytaylor/Documents/Python/Honours Project/Official Maps/Infrastructure layers/LGASAZonal.gpkg|layername=zonal_statistics,2,Flinders Ranges,240,901,532,0.856825749,85.6825749
31,DC,FRANKLIN HARBOUR,THE DC OF FRANKLIN HARBOUR,2.660344937,0.27109862,2760,1294.237346,0.468926575,,,,,,,,,,,,,LGASAZonal — zonal_statistics,/Users/hollytaylor/Documents/Python/Honours Project/Official Maps/Infrastructure layers/LGASAZonal.gpkg|layername=zonal_statistics,3,Franklin Harbour,215,705,412,0.889361702,88.9361702
32,DC,GOYDER,THE REGIONAL COUNCIL OF GOYDER,3.978430475,0.652610939,6716,4137.997942,0.616140253,,,,,,,,,,,,,LGASAZonal — zonal_statistics,/Users/hollytaylor/Documents/Python/Honours Project/Official Maps/Infrastructure layers/LGASAZonal.gpkg|layername=zonal_statistics,3,Goyder,640,2300,1192,0.796521739,79.6521739
33,DC,GRANT,THE DC OF GRANT,3.006399572,0.194785833,1904,9756.602798,5.124266176,,,,,,,,,,,,,LGASAZonal — zonal_statistics,/Users/hollytaylor/Documents/Python/Honours Project/Official Maps/Infrastructure layers/LGASAZonal.gpkg|layername=zonal_statistics,7,Grant,1438,5783,1823,0.563894173,56.3894173
34,DC,KANGAROO ISLAND,KANGAROO ISLAND COUNCIL,8.927740633,0.441140033,4400,4492.05184,1.020920873,,,,,,,,,,,,,LGASAZonal — zonal_statistics,/Users/hollytaylor/Documents/Python/Honours Project/Official Maps/Infrastructure layers/LGASAZonal.gpkg|layername=zonal_statistics,6,Kangaroo Island,839,2829,1457,0.811594203,81.1594203
35,DC,KAROONDA EAST MURRAY,THE DC OF KAROONDA EAST MURRAY,3.098605341,0.436028565,4417,988.4364652,0.223780046,,,,,,,,,,,,,LGASAZonal — zonal_statistics,/Users/hollytaylor/Documents/Python/Honours Project/Official Maps/Infrastructure layers/LGASAZonal.gpkg|layername=zonal_statistics,4,Karoonda East Murray,155,562,299,0.807829181,80.7829181
36,DC,KIMBA,THE DC OF KIMBA,3.419190241,0.384819762,3990,1019.773886,0.255582428,,,,,,,,,,,,,LGASAZonal — zonal_statistics,/Users/hollytaylor/Documents/Python/Honours Project/Official Maps/Infrastructure layers/LGASAZonal.gpkg|layername=zonal_statistics,8,Kimba,215,602,242,0.759136213,75.9136213
37,DC,KINGSTON,KINGSTON DC,3.20266249,0.336864687,3336,2398.921511,0.719101172,,,,,,,,,,,,,LGASAZonal — zonal_statistics,/Users/hollytaylor/Documents/Python/Honours Project/Official Maps/Infrastructure layers/LGASAZonal.gpkg|layername=zonal_statistics,5,Kingston (SA),293,1330,770,0.79924812,79.924812
38,DC,LIGHT,LIGHT REGIONAL COUNCIL,2.466078203,0.125209054,1272,17832.27042,14.01908052,,,,,,,,,,,,,LGASAZonal — zonal_statistics,/Users/hollytaylor/Documents/Python/Honours Project/Official Maps/Infrastructure layers/LGASAZonal.gpkg|layername=zonal_statistics,7,Light,3188,10715,2713,0.550723285,55.0723285
39,DC,LOWER EYRE PENINSULA,LOWER EYRE COUNCIL,9.322697759,0.468093232,4763,5876.913947,1.233868139,,,,,,,,,,,,,LGASAZonal — zonal_statistics,/Users/hollytaylor/Documents/Python/Honours Project/Official Maps/Infrastructure layers/LGASAZonal.gpkg|layername=zonal_statistics,8,Lower Eyre Peninsula,1178,3710,1266,0.658760108,65.8760108
40,DC,LOXTON WAIKERIE,THE DC OF LOXTON WAIKERIE,5.660262157,0.784198244,7994,11636.49226,1.455653273,,,,,,,,,,,,,LGASAZonal — zonal_statistics,/Users/hollytaylor/Documents/Python/Honours Project/Official Maps/Infrastructure layers/LGASAZonal.gpkg|layername=zonal_statistics,3,Loxton Waikerie,2014,6714,3169,0.77196902,77.196902
41,DC,MID MURRAY,MID MURRAY COUNCIL,4.83311696,0.615222468,6259,9616.678402,1.536456048,,,,,,,,,,,,,LGASAZonal — zonal_statistics,/Users/hollytaylor/Documents/Python/Honours Project/Official Maps/Infrastructure layers/LGASAZonal.gpkg|layername=zonal_statistics,2,Mid Murray,1242,5298,2956,0.792374481,79.2374481
42,DC,MOUNT BARKER,MOUNT BARKER DISTRICT COUNCIL,1.653420781,0.058772838,595,43609.30871,73.29295582,,,,,,,,,,,,,LGASAZonal — zonal_statistics,/Users/hollytaylor/Documents/Python/Honours Project/Official Maps/Infrastructure layers/LGASAZonal.gpkg|layername=zonal_statistics,8,Mount Barker,8204,26606,7487,0.589754191,58.9754191
43,DC,MOUNT REMARKABLE,THE DC OF MOUNT REMARKABLE,3.018923968,0.337710194,3426,2800.467528,0.817416091,,,,,,,,,,,,,LGASAZonal — zonal_statistics,/Users/hollytaylor/Documents/Python/Honours Project/Official Maps/Infrastructure layers/LGASAZonal.gpkg|layername=zonal_statistics,5,Mount Remarkable,401,1562,934,0.854673496,85.4673496
44,DC,NARACOORTE LUCINDALE,NARACOORTE LUCINDALE COUNCIL,3.096945925,0.457348363,4518,8903.367901,1.970643626,,,,,,,,,,,,,LGASAZonal — zonal_statistics,/Users/hollytaylor/Documents/Python/Honours Project/Official Maps/Infrastructure layers/LGASAZonal.gpkg|layername=zonal_statistics,5,Naracoorte Lucindale,1664,5456,1808,0.636363636,63.6363636
45,DC,ORROROO/CARRIETON,THE DC OF ORROROO CARRIETON,2.545069075,0.31884387,3322,918.4057871,0.276461706,,,,,,,,,,,,,LGASAZonal — zonal_statistics,/Users/hollytaylor/Documents/Python/Honours Project/Official Maps/Infrastructure layers/LGASAZonal.gpkg|layername=zonal_statistics,7,Orroroo Carrieton,148,479,262,0.855949896,85.5949896
46,DC,NORTHERN AREAS,NORTHERN AREAS COUNCIL,2.745084099,0.289130548,2988,4669.259247,1.562670431,,,,,,,,,,,,,LGASAZonal — zonal_statistics,/Users/hollytaylor/Documents/Python/Honours Project/Official Maps/Infrastructure layers/LGASAZonal.gpkg|layername=zonal_statistics,5,Northern Areas,878,2532,1257,0.843206951,84.3206951
47,DC,WUDINNA,WUDINNA DISTRICT COUNCIL,3.640726062,0.520515822,5390,1189.882845,0.220757485,,,,,,,,,,,,,LGASAZonal — zonal_statistics,/Users/hollytaylor/Documents/Python/Honours Project/Official Maps/Infrastructure layers/LGASAZonal.gpkg|layername=zonal_statistics,7,Wudinna,210,688,263,0.6875,68.75
48,DC,YANKALILLA,THE DC OF YANKALILLA,2.136770549,0.07489572,750,5996.95112,7.995934826,,,,,,,,,,,,,LGASAZonal — zonal_statistics,/Users/hollytaylor/Documents/Python/Honours Project/Official Maps/Infrastructure layers/LGASAZonal.gpkg|layername=zonal_statistics,5,Yankalilla,837,3166,2097,0.926721415,92.6721415
49,DC,YORKE PENINSULA,YORKE PENINSULA COUNCIL,7.314546627,0.591243603,5949,11424.28864,1.920371262,,,,,,,,,,,,,LGASAZonal — zonal_statistics,/Users/hollytaylor/Documents/Python/Honours Project/Official Maps/Infrastructure layers/LGASAZonal.gpkg|layername=zonal_statistics,3,Yorke Peninsula,1692,5994,4354,1.008675342,100.8675342
50,DC,PETERBOROUGH,THE DC OF PETERBOROUGH,2.312282667,0.290957138,3022,1679.985659,0.555918484,,,,,,,,,,,,,LGASAZonal — zonal_statistics,/Users/hollytaylor/Documents/Python/Honours Project/Official Maps/Infrastructure layers/LGASAZonal.gpkg|layername=zonal_statistics,1,Peterborough,224,916,543,0.837336245,83.7336245
51,DC,RENMARK PARINGA,RENMARK PARINGA COUNCIL,2.719385852,0.088318792,900,9853.436852,10.94826317,,,,,,,,,,,,,LGASAZonal — zonal_statistics,/Users/hollytaylor/Documents/Python/Honours Project/Official Maps/Infrastructure layers/LGASAZonal.gpkg|layername=zonal_statistics,2,Renmark Paringa,1646,6120,2341,0.651470588,65.1470588
52,DC,ROBE,DC OF ROBE,1.943043498,0.110941761,1095,1602.202094,1.463198259,,,,,,,,,,,,,LGASAZonal — zonal_statistics,/Users/hollytaylor/Documents/Python/Honours Project/Official Maps/Infrastructure layers/LGASAZonal.gpkg|layername=zonal_statistics,8,Robe,212,912,479,0.757675439,75.7675439
53,DC,SOUTHERN MALLEE,SOUTHERN MALLEE DC,3.342456703,0.566466084,5711,2020.63459,0.353814497,,,,,,,,,,,,,LGASAZonal — zonal_statistics,/Users/hollytaylor/Documents/Python/Honours Project/Official Maps/Infrastructure layers/LGASAZonal.gpkg|layername=zonal_statistics,6,Southern Mallee,330,1203,479,0.672485453,67.2485453
54,DC,STREAKY BAY,THE DC OF STREAKY BAY,6.339312861,0.607907989,6255,2197.247872,0.351278637,,,,,,,,,,,,,LGASAZonal — zonal_statistics,/Users/hollytaylor/Documents/Python/Honours Project/Official Maps/Infrastructure layers/LGASAZonal.gpkg|layername=zonal_statistics,6,Streaky Bay,456,1236,586,0.843042071,84.3042071
55,DC,TATIARA,TATIARA DC,3.749958341,0.653737846,6523,7068.226192,1.08358519,,,,,,,,,,,,,LGASAZonal — zonal_statistics,/Users/hollytaylor/Documents/Python/Honours Project/Official Maps/Infrastructure layers/LGASAZonal.gpkg|layername=zonal_statistics,5,Tatiara,1257,4405,1404,0.604086266,60.4086266
56,DC,TUMBY BAY,THE DC OF TUMBY BAY ,3.033133226,0.26185326,2680,2815.469973,1.050548497,,,,,,,,,,,,,LGASAZonal — zonal_statistics,/Users/hollytaylor/Documents/Python/Honours Project/Official Maps/Infrastructure layers/LGASAZonal.gpkg|layername=zonal_statistics,6,Tumby Bay,501,1494,911,0.945113788,94.5113788
57,DC,UIA TORRENS ISLAND,UIA TORRENS ISLAND,0.367265711,0.001500516,11,5,0.454545455,,,,,,,,,,,,,LGASAZonal — zonal_statistics,/Users/hollytaylor/Documents/Python/Honours Project/Official Maps/Infrastructure layers/LGASAZonal.gpkg|layername=zonal_statistics,2,Unincorporated SA,394,2140,481,0.408878505,40.8878505
58,MC,CHARLES STURT,CITY OF CHARLES STURT,0.462029113,0.005514444,60,136221.6582,2270.36097,,,,,,,,,,,,,LGASAZonal — zonal_statistics,/Users/hollytaylor/Documents/Python/Honours Project/Official Maps/Infrastructure layers/LGASAZonal.gpkg|layername=zonal_statistics,8,Charles Sturt,19271,83326,24843,0.529414588,52.9414588
59,MC,HOLDFAST BAY,CITY OF HOLDFAST BAY,0.251650356,0.0014073,15,32423.41101,2161.560734,,,,,,,,,,,,,LGASAZonal — zonal_statistics,/Users/hollytaylor/Documents/Python/Honours Project/Official Maps/Infrastructure layers/LGASAZonal.gpkg|layername=zonal_statistics,9,Holdfast Bay,5046,23211,10509,0.670156391,67.0156391
60,MC,MARION,CITY OF MARION,0.428742227,0.005536143,58,105052.0954,1811.243023,,,,,,,,,,,,,LGASAZonal — zonal_statistics,/Users/hollytaylor/Documents/Python/Honours Project/Official Maps/Infrastructure layers/LGASAZonal.gpkg|layername=zonal_statistics,8,Marion,15959,64100,18434,0.536552262,53.6552262
61,DC,UIA WHYALLA,UIA WHYALLA,0.608629825,0.006401564,50,427.2408323,8.544816647,,,,,,,,,,,,,LGASAZonal — zonal_statistics,/Users/hollytaylor/Documents/Python/Honours Project/Official Maps/Infrastructure layers/LGASAZonal.gpkg|layername=zonal_statistics,2,Unincorporated SA,394,2140,481,0.408878505,40.8878505
62,DC,WATTLE RANGE,WATTLE RANGE COUNCIL,3.740143739,0.400155661,3930,12248.32078,3.116621064,,,,,,,,,,,,,LGASAZonal — zonal_statistics,/Users/hollytaylor/Documents/Python/Honours Project/Official Maps/Infrastructure layers/LGASAZonal.gpkg|layername=zonal_statistics,2,Wattle Range,1976,7170,3111,0.709483961,70.9483961
63,MC,NORWOOD PAYNEHAM AND ST PETERS,THE CITY OF NORWOOD PAYNEHAM AND ST PETERS,0.200730357,0.001494244,15,38281.05615,2552.07041,,,,,,,,,,,,,LGASAZonal — zonal_statistics,/Users/hollytaylor/Documents/Python/Honours Project/Official Maps/Infrastructure layers/LGASAZonal.gpkg|layername=zonal_statistics,9,Norwood Payneham and St Peters,5481,25751,8080,0.526620325,52.6620325
64,MC,ONKAPARINGA,CITY OF ONKAPARINGA,1.258569135,0.051444971,518,178858.2608,345.2862177,,,,,,,,,,,,,LGASAZonal — zonal_statistics,/Users/hollytaylor/Documents/Python/Honours Project/Official Maps/Infrastructure layers/LGASAZonal.gpkg|layername=zonal_statistics,5,Onkaparinga,32012,112484,36369,0.60791757,60.791757
65,MC,PLAYFORD,CITY OF PLAYFORD,1.508108414,0.03524708,352,112997.768,321.0163862,,,,,,,,,,,,,LGASAZonal — zonal_statistics,/Users/hollytaylor/Documents/Python/Honours Project/Official Maps/Infrastructure layers/LGASAZonal.gpkg|layername=zonal_statistics,1,Playford,24539,69277,13253,0.545520158,54.5520158
66,MC,PORT PIRIE,PORT PIRIE REGIONAL COUNCIL,2.563453051,0.190227764,1764,17720.27812,10.04550914,,,,,,,,,,,,,LGASAZonal — zonal_statistics,/Users/hollytaylor/Documents/Python/Honours Project/Official Maps/Infrastructure layers/LGASAZonal.gpkg|layername=zonal_statistics,1,Port Pirie,3031,10479,4092,0.679740433,67.9740433
67,MC,ROXBY DOWNS,MUNICIPAL COUNCIL OF ROXBY DOWNS,0.44228892,0.010390403,109,4088.999939,37.51376091,,,,,,,,,,,,,LGASAZonal — zonal_statistics,/Users/hollytaylor/Documents/Python/Honours Project/Official Maps/Infrastructure layers/LGASAZonal.gpkg|layername=zonal_statistics,8,Roxby Downs,1049,2990,74,0.375585284,37.5585284
68,MC,TEA TREE GULLY,CITY OF TEA TREE GULLY,0.616153741,0.00939076,95,99892.16223,1051.496445,,,,,,,,,,,,,LGASAZonal — zonal_statistics,/Users/hollytaylor/Documents/Python/Honours Project/Official Maps/Infrastructure layers/LGASAZonal.gpkg|layername=zonal_statistics,8,Tea Tree Gully,17824,64661,21200,0.603516803,60.3516803
69,MC,WEST TORRENS,CITY OF WEST TORRENS,0.283217725,0.003658774,32,57733.52922,1804.172788,,,,,,,,,,,,,LGASAZonal — zonal_statistics,/Users/hollytaylor/Documents/Python/Honours Project/Official Maps/Infrastructure layers/LGASAZonal.gpkg|layername=zonal_statistics,9,West Torrens,9327,44006,11186,0.466140981,46.6140981
70,RC,MURRAY BRIDGE,THE RURAL CITY OF MURRAY BRIDGE,2.508382145,0.180810731,1828,23263.44916,12.72617569,,,,,,,,,,,,,LGASAZonal — zonal_statistics,/Users/hollytaylor/Documents/Python/Honours Project/Official Maps/Infrastructure layers/LGASAZonal.gpkg|layername=zonal_statistics,1,Murray Bridge,3841,13928,5132,0.644241815,64.4241815
71,RC,WAKEFIELD,WAKEFIELD REGIONAL COUNCIL,3.257973694,0.343642379,3476,6973.223195,2.006105637,,,,,,,,,,,,,LGASAZonal — zonal_statistics,/Users/hollytaylor/Documents/Python/Honours Project/Official Maps/Infrastructure layers/LGASAZonal.gpkg|layername=zonal_statistics,2,Wakefield,1315,4052,1591,0.717176703,71.7176703
72,WD,UIA RIVERLAND,UIA RIVERLAND,1.52490093,0.031466662,323,14.39811337,0.044576202,,,,,,,,,,,,,LGASAZonal — zonal_statistics,/Users/hollytaylor/Documents/Python/Honours Project/Official Maps/Infrastructure layers/LGASAZonal.gpkg|layername=zonal_statistics,2,Unincorporated SA,394,2140,481,0.408878505,40.8878505
73,,MT,MARALINGA TJARUTJA,14.21204751,9.829086904,105681,127.1999993,0.001203622,,,,,,,,,,,,,LGASAZonal — zonal_statistics,/Users/hollytaylor/Documents/Python/Honours Project/Official Maps/Infrastructure layers/LGASAZonal.gpkg|layername=zonal_statistics,1,Maralinga Tjarutja,10,76,16,0.342105263,34.2105263
74,,PUA,PASTORAL UNINCORPORATED AREA,50.97338444,57.72665825,619579,2927.54151,0.00472505,,,,,,,,,,,,,LGASAZonal — zonal_statistics,/Users/hollytaylor/Documents/Python/Honours Project/Official Maps/Infrastructure layers/LGASAZonal.gpkg|layername=zonal_statistics,2,,,,,,0
75,,,,,,1286,131531.9639,102.2799097,820277774,311,311,CARDINIA,CARDINIA SHIRE,G040 2003 p2572,21450,,,812373711,19/12/2023,2,LGAVIC_Zonal — zonal_statistics,/Users/hollytaylor/Documents/Python/Honours Project/Official Maps/Infrastructure layers/LGAVIC_Zonal.gpkg|layername=zonal_statistics,8,Cardinia,28566,82393,16001,0.540907601,54.0907601
76,,,,,,428,66073.96164,154.378415,857824902,356,356,NILLUMBIK,NILLUMBIK SHIRE,G047 2003 p2972,25710,,,857596447,15/10/2024,4,LGAVIC_Zonal — zonal_statistics,/Users/hollytaylor/Documents/Python/Honours Project/Official Maps/Infrastructure layers/LGAVIC_Zonal.gpkg|layername=zonal_statistics,10,Nillumbik,11538,40565,11161,0.559571059,55.9571059
77,,,,,,2866,56559.4095,19.73461602,858016781,346,346,MITCHELL,MITCHELL SHIRE,G007 2012 p288,24850,,,857824898,18/10/2024,2,LGAVIC_Zonal — zonal_statistics,/Users/hollytaylor/Documents/Python/Honours Project/Official Maps/Infrastructure layers/LGAVIC_Zonal.gpkg|layername=zonal_statistics,7,Mitchell,11484,34265,7974,0.567868087,56.7868087
78,,,,,,501,273825.5773,546.5580386,857824901,333,333,HUME,HUME CITY,S097 1994 p22,23270,,,857596446,15/10/2024,4,LGAVIC_Zonal — zonal_statistics,/Users/hollytaylor/Documents/Python/Honours Project/Official Maps/Infrastructure layers/LGAVIC_Zonal.gpkg|layername=zonal_statistics,5,Hume,59179,175237,28348,0.49947785,49.947785
79,,,,,,4043,30814.44914,7.621679233,838124694,347,347,MOIRA,MOIRA SHIRE,S087 1994 p28,24900,,,815857841,25/3/2024,1,LGAVIC_Zonal — zonal_statistics,/Users/hollytaylor/Documents/Python/Honours Project/Official Maps/Infrastructure layers/LGAVIC_Zonal.gpkg|layername=zonal_statistics,3,Moira,5029,17138,8608,0.79571712,79.571712
80,,,,,,3876,15491.27837,3.996717845,858016783,355,355,MURRINDINDI,MURRINDINDI SHIRE,G007 2012 p285,25620,,,857824903,18/10/2024,2,LGAVIC_Zonal — zonal_statistics,/Users/hollytaylor/Documents/Python/Honours Project/Official Maps/Infrastructure layers/LGAVIC_Zonal.gpkg|layername=zonal_statistics,7,Murrindindi,2228,9101,4153,0.701131744,70.1131744
81,,,,,,6699,7750.380085,1.156945826,856969537,338,338,LODDON,LODDON SHIRE,S002 1995 p14,23940,,,847360027,26/9/2024,1,LGAVIC_Zonal — zonal_statistics,/Users/hollytaylor/Documents/Python/Honours Project/Official Maps/Infrastructure layers/LGAVIC_Zonal.gpkg|layername=zonal_statistics,3,Loddon,1177,4244,2326,0.825400566,82.5400566
82,,,,,,37,153478.2792,4148.061599,756167790,322,322,GLEN EIRA,GLEN EIRA CITY,S097 1994 p21,22310,,,743233029,15/5/2023,5,LGAVIC_Zonal — zonal_statistics,/Users/hollytaylor/Documents/Python/Honours Project/Official Maps/Infrastructure layers/LGAVIC_Zonal.gpkg|layername=zonal_statistics,10,Glen Eira,26360,105730,24747,0.483372742,48.3372742
83,,,,,,2420,69932.82828,28.89786293,840422425,328,328,GREATER SHEPPARTON,GREATER SHEPPARTON CITY,S087 1994 p28,22830,,,838124695,8/4/2024,2,LGAVIC_Zonal — zonal_statistics,/Users/hollytaylor/Documents/Python/Honours Project/Official Maps/Infrastructure layers/LGAVIC_Zonal.gpkg|layername=zonal_statistics,4,Greater Shepparton,13297,42414,13424,0.630004244,63.0004244
84,,,,,,3734,10571.27391,2.831085674,858016778,321,321,GANNAWARRA,GANNAWARRA SHIRE,S004 1995 p14,22250,,,856969536,18/10/2024,1,LGAVIC_Zonal — zonal_statistics,/Users/hollytaylor/Documents/Python/Honours Project/Official Maps/Infrastructure layers/LGAVIC_Zonal.gpkg|layername=zonal_statistics,3,Gannawarra,1618,5567,3235,0.871744207,87.1744207
85,,,,,,1557,38580.68136,24.77885765,805744891,365,365,SURF COAST,SURF COAST SHIRE,S063 1994 p15,26490,,,796758610,16/10/2023,2,LGAVIC_Zonal — zonal_statistics,/Users/hollytaylor/Documents/Python/Honours Project/Official Maps/Infrastructure layers/LGAVIC_Zonal.gpkg|layername=zonal_statistics,10,Surf Coast,7638,23680,7974,0.659290541,65.9290541
86,,,,,,490,252029.3465,514.3456051,857824900,373,373,WHITTLESEA,WHITTLESEA CITY,G003 1999 p119,27070,,,857596445,15/10/2024,4,LGAVIC_Zonal — zonal_statistics,/Users/hollytaylor/Documents/Python/Honours Project/Official Maps/Infrastructure layers/LGAVIC_Zonal.gpkg|layername=zonal_statistics,7,Whittlesea,51258,162698,31073,0.506035723,50.6035723
87,,,,,,1751,53672.20692,30.65231692,857824899,339,339,MACEDON RANGES,MACEDON RANGES SHIRE,S002 1995 p17,24130,,,857596444,15/10/2024,2,LGAVIC_Zonal — zonal_statistics,/Users/hollytaylor/Documents/Python/Honours Project/Official Maps/Infrastructure layers/LGAVIC_Zonal.gpkg|layername=zonal_statistics,9,Macedon Ranges,10491,31960,10469,0.655819775,65.5819775
88,,,,,,131,172063.7365,1313.463637,856969550,326,326,GREATER DANDENONG,GREATER DANDENONG CITY,S097 1994 p22,22670,,,812633107,26/9/2024,5,LGAVIC_Zonal — zonal_statistics,/Users/hollytaylor/Documents/Python/Honours Project/Official Maps/Infrastructure layers/LGAVIC_Zonal.gpkg|layername=zonal_statistics,3,Greater Dandenong,27996,110292,25504,0.48507598,48.507598
89,,,,,,39,108423.4515,2780.0885,825005519,306,306,BAYSIDE,BAYSIDE CITY,G050 2023 p2364,20910,1005,,821999872,25/1/2024,5,LGAVIC_Zonal — zonal_statistics,/Users/hollytaylor/Documents/Python/Honours Project/Official Maps/Infrastructure layers/LGAVIC_Zonal.gpkg|layername=zonal_statistics,10,Bayside (Vic.),17394,64717,22161,0.61119953,61.119953
90,,,,,,3850,10772.93657,2.798165342,858016782,382,382,MANSFIELD,MANSFIELD SHIRE,G042 2002 p2839,24250,,29/1/2003,820277765,18/10/2024,1,LGAVIC_Zonal — zonal_statistics,/Users/hollytaylor/Documents/Python/Honours Project/Official Maps/Infrastructure layers/LGAVIC_Zonal.gpkg|layername=zonal_statistics,8,Mansfield,1754,5984,2808,0.76236631,76.236631
91,,,,,,9115,3878.767685,0.425536773,826546837,371,371,WEST WIMMERA,WEST WIMMERA SHIRE,S004 1995 p24,26890,,,812633102,29/1/2024,1,LGAVIC_Zonal — zonal_statistics,/Users/hollytaylor/Documents/Python/Honours Project/Official Maps/Infrastructure layers/LGAVIC_Zonal.gpkg|layername=zonal_statistics,7,West Wimmera,675,2154,1104,0.825905292,82.5905292
92,,,,,,22088,57717.72431,2.613080601,826546832,345,345,MILDURA,MILDURA RURAL CITY,S004 1995 p17,24780,,,572897157,29/1/2024,1,LGAVIC_Zonal — zonal_statistics,/Users/hollytaylor/Documents/Python/Honours Project/Official Maps/Infrastructure layers/LGAVIC_Zonal.gpkg|layername=zonal_statistics,3,Mildura,10538,35647,11369,0.614553819,61.4553819
93,,,,,,7526,5516.97993,0.733056063,826546836,330,330,HINDMARSH,HINDMARSH SHIRE,S004 1995 p16,22980,,,537821321,29/1/2024,1,LGAVIC_Zonal — zonal_statistics,/Users/hollytaylor/Documents/Python/Honours Project/Official Maps/Infrastructure layers/LGAVIC_Zonal.gpkg|layername=zonal_statistics,3,Hindmarsh,840,3140,1579,0.770382166,77.0382166
94,,,,,,2705,26270.02925,9.711655914,829328289,324,324,GOLDEN PLAINS,GOLDEN PLAINS SHIRE,G012 1995 p742,22490,,,810305321,5/2/2024,1,LGAVIC_Zonal — zonal_statistics,/Users/hollytaylor/Documents/Python/Honours Project/Official Maps/Infrastructure layers/LGAVIC_Zonal.gpkg|layername=zonal_statistics,8,Golden Plains,5589,16150,4079,0.598637771,59.8637771
95,,,,,,4259,20385.44083,4.786438327,857371170,332,332,HORSHAM,HORSHAM RURAL CITY,S004 1995 p16,23190,,,844664029,4/10/2024,1,LGAVIC_Zonal — zonal_statistics,/Users/hollytaylor/Documents/Python/Honours Project/Official Maps/Infrastructure layers/LGAVIC_Zonal.gpkg|layername=zonal_statistics,6,Horsham,3708,12206,4401,0.664345404,66.4345404
96,,,,,,3436,8025.439105,2.335692405,857371172,359,359,PYRENEES,PYRENEES SHIRE,S004 1995 p20,25990,,,835228707,4/10/2024,1,LGAVIC_Zonal — zonal_statistics,/Users/hollytaylor/Documents/Python/Honours Project/Official Maps/Infrastructure layers/LGAVIC_Zonal.gpkg|layername=zonal_statistics,4,Pyrenees,1147,4490,2149,0.734075724,73.4075724
97,,,,,,3306,11614.59905,3.513187855,858016780,364,364,STRATHBOGIE,STRATHBOGIE SHIRE,G012 1995 p738,26430,,,857824897,18/10/2024,1,LGAVIC_Zonal — zonal_statistics,/Users/hollytaylor/Documents/Python/Honours Project/Official Maps/Infrastructure layers/LGAVIC_Zonal.gpkg|layername=zonal_statistics,6,Strathbogie,1574,6276,3728,0.844805609,84.4805609
98,,,,,,23,347.0003211,15.08697048,499822664,124107197,384,MOUNT BULLER ALPINE RESORT (UNINC),MOUNT BULLER ALPINE RESORT (UNINCORPORATED),,29399,,17/12/2004,492682893,30/7/2015,5,LGAVIC_Zonal — zonal_statistics,/Users/hollytaylor/Documents/Python/Honours Project/Official Maps/Infrastructure layers/LGAVIC_Zonal.gpkg|layername=zonal_statistics,9,Unincorporated Vic,78,760,115,0.253947368,25.3947368
99,,,,,,66,90676.88026,1373.892125,857371181,331,331,HOBSONS BAY,HOBSONS BAY CITY,S035 1994 p4,23110,,,812633105,4/10/2024,5,LGAVIC_Zonal — zonal_statistics,/Users/hollytaylor/Documents/Python/Honours Project/Official Maps/Infrastructure layers/LGAVIC_Zonal.gpkg|layername=zonal_statistics,9,Hobsons Bay,17118,61409,15211,0.526453777,52.6453777
100,,,,,,12,2748.400002,229.0333335,728238368,360,360,QUEENSCLIFFE,QUEENSCLIFFE BOROUGH,G047 1863 p1039,26080,,,693701355,27/2/2023,5,LGAVIC_Zonal — zonal_statistics,/Users/hollytaylor/Documents/Python/Honours Project/Official Maps/Infrastructure layers/LGAVIC_Zonal.gpkg|layername=zonal_statistics,10,Queenscliffe,301,1376,1561,1.353197674,135.3197674
101,,,,,,6116,21024.02649,3.437545208,831486332,366,366,SWAN HILL,SWAN HILL RURAL CITY,S004 1995 p23,26610,,,826546833,19/2/2024,1,LGAVIC_Zonal — zonal_statistics,/Users/hollytaylor/Documents/Python/Honours Project/Official Maps/Infrastructure layers/LGAVIC_Zonal.gpkg|layername=zonal_statistics,4,Swan Hill,3991,13059,4162,0.624320392,62.4320392
102,,,,,,724,165838.6825,229.0589537,858458114,352,352,MORNINGTON PENINSULA,MORNINGTON PENINSULA SHIRE,S097 1994 p27,25340,,,856190183,30/10/2024,4,LGAVIC_Zonal — zonal_statistics,/Users/hollytaylor/Documents/Python/Honours Project/Official Maps/Infrastructure layers/LGAVIC_Zonal.gpkg|layername=zonal_statistics,9,Mornington Peninsula,27068,95837,47338,0.77638073,77.638073
103,,,,,,3316,30988.2837,9.345079523,832976078,361,361,SOUTH GIPPSLAND,SOUTH GIPPSLAND SHIRE,S097 1994 p28,26170,,,812373713,26/2/2024,1,LGAVIC_Zonal — zonal_statistics,/Users/hollytaylor/Documents/Python/Honours Project/Official Maps/Infrastructure layers/LGAVIC_Zonal.gpkg|layername=zonal_statistics,7,South Gippsland,5097,17338,8388,0.777771369,77.7771369
104,,,,,,6651,16534.93324,2.48608228,857371173,362,362,SOUTHERN GRAMPIANS,SOUTHERN GRAMPIANS SHIRE,G019 1996 p1218,26260,,,840422430,4/10/2024,1,LGAVIC_Zonal — zonal_statistics,/Users/hollytaylor/Documents/Python/Honours Project/Official Maps/Infrastructure layers/LGAVIC_Zonal.gpkg|layername=zonal_statistics,6,Southern Grampians,2765,9385,4320,0.754928077,75.4928077
105,,,,,,6224,19554.72091,3.141825339,798566874,323,323,GLENELG,GLENELG SHIRE,G003 1997 p195,22410,,,795436516,18/9/2023,1,LGAVIC_Zonal — zonal_statistics,/Users/hollytaylor/Documents/Python/Honours Project/Official Maps/Infrastructure layers/LGAVIC_Zonal.gpkg|layername=zonal_statistics,3,Glenelg,3096,11561,5365,0.731857106,73.1857106
106,,,,,,396,400659.9692,1011.767599,860236432,312,312,CASEY,CASEY CITY,S097 1994 p20,21610,,,856969551,4/12/2024,4,LGAVIC_Zonal — zonal_statistics,/Users/hollytaylor/Documents/Python/Honours Project/Official Maps/Infrastructure layers/LGAVIC_Zonal.gpkg|layername=zonal_statistics,8,Casey,87995,261658,42457,0.498559188,49.8559188
107,,,,,,116,168466.4716,1452.297169,860236431,336,336,KNOX,KNOX CITY,S097 1994 p23,23670,,,856969549,4/12/2024,5,LGAVIC_Zonal — zonal_statistics,/Users/hollytaylor/Documents/Python/Honours Project/Official Maps/Infrastructure layers/LGAVIC_Zonal.gpkg|layername=zonal_statistics,9,Knox,27197,105177,29392,0.538035882,53.8035882
108,,,,,,5735,11794.77478,2.056630301,857371169,357,357,NORTHERN GRAMPIANS,NORTHERN GRAMPIANS SHIRE,G009 1996 p657,25810,,,847360028,4/10/2024,1,LGAVIC_Zonal — zonal_statistics,/Users/hollytaylor/Documents/Python/Honours Project/Official Maps/Infrastructure layers/LGAVIC_Zonal.gpkg|layername=zonal_statistics,3,Northern Grampians,1775,6898,3206,0.72209336,72.209336
109,,,,,,84,211790.3936,2521.314209,857371183,348,348,MONASH,MONASH CITY,S097 1994 p25,24970,,,856190182,4/10/2024,5,LGAVIC_Zonal — zonal_statistics,/Users/hollytaylor/Documents/Python/Honours Project/Official Maps/Infrastructure layers/LGAVIC_Zonal.gpkg|layername=zonal_statistics,10,Monash,30377,138616,34567,0.468517343,46.8517343
110,,,,,,738,121064.5863,164.0441549,835228709,302,302,BALLARAT,BALLARAT CITY,G012 1995 p740,20570,,,831486335,12/3/2024,2,LGAVIC_Zonal — zonal_statistics,/Users/hollytaylor/Documents/Python/Honours Project/Official Maps/Infrastructure layers/LGAVIC_Zonal.gpkg|layername=zonal_statistics,7,Ballarat,21966,74056,22115,0.595238738,59.5238738
111,,,,,,44,130813.6133,2973.036667,860761153,349,349,MOONEE VALLEY,MOONEE VALLEY CITY,G050 2007 p3095,25060,,,857371176,17/12/2024,5,LGAVIC_Zonal — zonal_statistics,/Users/hollytaylor/Documents/Python/Honours Project/Official Maps/Infrastructure layers/LGAVIC_Zonal.gpkg|layername=zonal_statistics,9,Moonee Valley,19592,85341,21553,0.482124653,48.2124653
112,,,,,,49,173350.9941,3537.775389,860761152,351,351,MERRI-BEK,MERRI-BEK CITY,G037 2022 p3871,25250,,,856969542,17/12/2024,5,LGAVIC_Zonal — zonal_statistics,/Users/hollytaylor/Documents/Python/Honours Project/Official Maps/Infrastructure layers/LGAVIC_Zonal.gpkg|layername=zonal_statistics,,Merri-bek,26935,131704,22584,0.375987062,37.5987062
113,,,,,,2999,125770.5001,41.93747919,863630832,325,325,GREATER BENDIGO,GREATER BENDIGO CITY,G016 1996 p30,22620,,,857596442,7/3/2025,1,LGAVIC_Zonal — zonal_statistics,/Users/hollytaylor/Documents/Python/Honours Project/Official Maps/Infrastructure layers/LGAVIC_Zonal.gpkg|layername=zonal_statistics,6,Greater Bendigo,23104,76282,24788,0.627828321,62.7828321
114,,,,,,4519,38140.3324,8.439993893,863630831,310,310,CAMPASPE,CAMPASPE SHIRE,S004 1995 p13,21370,,,858016779,7/3/2025,1,LGAVIC_Zonal — zonal_statistics,/Users/hollytaylor/Documents/Python/Honours Project/Official Maps/Infrastructure layers/LGAVIC_Zonal.gpkg|layername=zonal_statistics,4,Campaspe,6469,22145,9685,0.72946489,72.946489
115,,,,,,119,35812.78952,300.9478111,865944258,369,369,WARRNAMBOOL,WARRNAMBOOL CITY,S063 1994 p15,26730,,,798566877,24/4/2025,5,LGAVIC_Zonal — zonal_statistics,/Users/hollytaylor/Documents/Python/Honours Project/Official Maps/Infrastructure layers/LGAVIC_Zonal.gpkg|layername=zonal_statistics,6,Warrnambool,6181,22064,7662,0.627402103,62.7402103
116,,,,,,4797,13204.76441,2.752713032,583705634,300,300,ALPINE,ALPINE SHIRE,G046 1998 p2822,20110,,,570890105,5/12/2019,1,LGAVIC_Zonal — zonal_statistics,/Users/hollytaylor/Documents/Python/Honours Project/Official Maps/Infrastructure layers/LGAVIC_Zonal.gpkg|layername=zonal_statistics,8,Alpine,1955,7724,3503,0.70662869,70.662869
117,,,,,,28,127.9998696,4.571423914,570890106,124107198,388,MOUNT HOTHAM ALPINE RESORT (UNINC),MOUNT HOTHAM ALPINE RESORT (UNINCORPORATED),,29399,,17/12/2004,556060985,8/4/2019,5,LGAVIC_Zonal — zonal_statistics,/Users/hollytaylor/Documents/Python/Honours Project/Official Maps/Infrastructure layers/LGAVIC_Zonal.gpkg|layername=zonal_statistics,9,Unincorporated Vic,78,760,115,0.253947368,25.3947368
118,,,,,,20950,49739.61326,2.374205884,836974835,319,319,EAST GIPPSLAND,EAST GIPPSLAND SHIRE,S094 1994 p11,22110,,,666763702,18/3/2024,1,LGAVIC_Zonal — zonal_statistics,/Users/hollytaylor/Documents/Python/Honours Project/Official Maps/Infrastructure layers/LGAVIC_Zonal.gpkg|layername=zonal_statistics,4,East Gippsland,7364,26330,15485,0.867793392,86.7793392
119,,,,,,7324,6321.013721,0.86305485,844664027,378,378,YARRIAMBIACK,YARRIAMBIACK SHIRE,G003 1996 p200,27630,,,826546835,6/5/2024,2,LGAVIC_Zonal — zonal_statistics,/Users/hollytaylor/Documents/Python/Honours Project/Official Maps/Infrastructure layers/LGAVIC_Zonal.gpkg|layername=zonal_statistics,3,Yarriambiack,973,3512,1904,0.819191344,81.9191344
120,,,,,,8003,5943.454702,0.742653343,847360025,309,309,BULOKE,BULOKE SHIRE,G009 1996 p655,21270,,,835228702,20/5/2024,1,LGAVIC_Zonal — zonal_statistics,/Users/hollytaylor/Documents/Python/Honours Project/Official Maps/Infrastructure layers/LGAVIC_Zonal.gpkg|layername=zonal_statistics,5,Buloke,862,3378,1800,0.788040261,78.8040261
121,,,,,,167,131.2083759,0.785678898,848225047,379,379,FRENCH-ELIZABETH-SANDSTONE ISLANDS (UNINC),FRENCH-ELIZABETH-SANDSTONE ISLANDS (UNINC),,29399,,,468592577,27/5/2024,4,LGAVIC_Zonal — zonal_statistics,/Users/hollytaylor/Documents/Python/Honours Project/Official Maps/Infrastructure layers/LGAVIC_Zonal.gpkg|layername=zonal_statistics,9,Unincorporated Vic,78,760,115,0.253947368,25.3947368
122,,,,,,6663,6215.686561,0.93286606,849561941,367,367,TOWONG,TOWONG SHIRE,G042 1996 p2787,26670,,,817074768,3/6/2024,1,LGAVIC_Zonal — zonal_statistics,/Users/hollytaylor/Documents/Python/Honours Project/Official Maps/Infrastructure layers/LGAVIC_Zonal.gpkg|layername=zonal_statistics,7,Towong,968,3428,1847,0.82117853,82.117853
123,,,,,,436,44908.24778,103.0005683,849561943,374,374,WODONGA,WODONGA CITY,G042 2015 p2266,27170,85539,,842441532,3/6/2024,4,LGAVIC_Zonal — zonal_statistics,/Users/hollytaylor/Documents/Python/Honours Project/Official Maps/Infrastructure layers/LGAVIC_Zonal.gpkg|layername=zonal_statistics,5,Wodonga,8777,27524,7975,0.608632466,60.8632466
124,,,,,,2045,18178.45061,8.889217903,849561942,334,334,INDIGO,INDIGO SHIRE,G042 2015 p2266,23350,85539,,842441531,3/6/2024,2,LGAVIC_Zonal — zonal_statistics,/Users/hollytaylor/Documents/Python/Honours Project/Official Maps/Infrastructure layers/LGAVIC_Zonal.gpkg|layername=zonal_statistics,8,Indigo,3075,10340,4247,0.708123791,70.8123791
125,,,,,,1471,16774.32705,11.40334946,853386390,329,329,HEPBURN,HEPBURN SHIRE,S002 1995 p12,22910,,,841274226,4/7/2024,2,LGAVIC_Zonal — zonal_statistics,/Users/hollytaylor/Documents/Python/Honours Project/Official Maps/Infrastructure layers/LGAVIC_Zonal.gpkg|layername=zonal_statistics,8,Hepburn,2289,9581,4800,0.739901889,73.9901889
126,,,,,,545,336462.6894,617.3627328,856190179,375,375,WYNDHAM,WYNDHAM CITY,S097 1994 p31,27260,,,855324518,6/9/2024,4,LGAVIC_Zonal — zonal_statistics,/Users/hollytaylor/Documents/Python/Honours Project/Official Maps/Infrastructure layers/LGAVIC_Zonal.gpkg|layername=zonal_statistics,8,Wyndham,82283,217419,24385,0.490610296,49.0610296
127,,,,,,1524,20793.21723,13.64384332,856190173,353,353,MOUNT ALEXANDER,MOUNT ALEXANDER SHIRE,S002 1995 p21,25430,,,853386388,6/9/2024,2,LGAVIC_Zonal — zonal_statistics,/Users/hollytaylor/Documents/Python/Honours Project/Official Maps/Infrastructure layers/LGAVIC_Zonal.gpkg|layername=zonal_statistics,8,Mount Alexander,2898,11640,6038,0.767697595,76.7697595
128,,,,,,16,319.5407524,19.97129703,496998897,124107199,386,FALLS CREEK ALPINE RESORT (UNINC),FALLS CREEK ALPINE RESORT (UNINCORPORATED),,29399,,17/12/2004,496831851,18/5/2015,5,LGAVIC_Zonal — zonal_statistics,/Users/hollytaylor/Documents/Python/Honours Project/Official Maps/Infrastructure layers/LGAVIC_Zonal.gpkg|layername=zonal_statistics,9,Unincorporated Vic,78,760,115,0.253947368,25.3947368
129,,,,,,27,0,0,492682892,124107196,387,MOUNT STIRLING ALPINE RESORT (UNINC),MOUNT STIRLING ALPINE RESORT (UNINCORPORATED),,29399,,17/12/2004,468592522,20/1/2015,5,LGAVIC_Zonal — zonal_statistics,/Users/hollytaylor/Documents/Python/Honours Project/Official Maps/Infrastructure layers/LGAVIC_Zonal.gpkg|layername=zonal_statistics,9,Unincorporated Vic,78,760,115,0.253947368,25.3947368
130,,,,,,1534,13748.18239,8.962309253,857371171,313,313,CENTRAL GOLDFIELDS,CENTRAL GOLDFIELDS SHIRE,S002 1995 p9,21670,,,843399868,4/10/2024,2,LGAVIC_Zonal — zonal_statistics,/Users/hollytaylor/Documents/Python/Honours Project/Official Maps/Infrastructure layers/LGAVIC_Zonal.gpkg|layername=zonal_statistics,1,Central Goldfields,1933,7420,4221,0.829380054,82.9380054
131,,,,,,65,183498.6719,2823.056491,857371180,372,372,WHITEHORSE,WHITEHORSE CITY,S158 1999 p11,26980,,,856969548,4/10/2024,5,LGAVIC_Zonal — zonal_statistics,/Users/hollytaylor/Documents/Python/Honours Project/Official Maps/Infrastructure layers/LGAVIC_Zonal.gpkg|layername=zonal_statistics,10,Whitehorse,27265,119676,31698,0.492688593,49.2688593
132,,,,,,90,160394.6636,1782.162929,857371184,335,335,KINGSTON,KINGSTON CITY,G050 2023 p2364,23430,1005,,825005520,4/10/2024,5,LGAVIC_Zonal — zonal_statistics,/Users/hollytaylor/Documents/Python/Honours Project/Official Maps/Infrastructure layers/LGAVIC_Zonal.gpkg|layername=zonal_statistics,9,Kingston (Vic.),27751,105856,30117,0.54666717,54.666717
133,,,,,,32,96946.83246,3029.588514,857371177,341,341,MARIBYRNONG,MARIBYRNONG CITY,S097 1994 p24,24330,,,856190177,4/10/2024,5,LGAVIC_Zonal — zonal_statistics,/Users/hollytaylor/Documents/Python/Honours Project/Official Maps/Infrastructure layers/LGAVIC_Zonal.gpkg|layername=zonal_statistics,9,Maribyrnong,13648,68499,9615,0.339610797,33.9610797
134,,,,,,4214,11650.70689,2.764761957,857371174,301,301,ARARAT,ARARAT RURAL CITY,G003 1996 p203,20260,,,840422431,4/10/2024,1,LGAVIC_Zonal — zonal_statistics,/Users/hollytaylor/Documents/Python/Honours Project/Official Maps/Infrastructure layers/LGAVIC_Zonal.gpkg|layername=zonal_statistics,4,Ararat,1792,6986,2905,0.672344689,67.2344689
135,,,,,,2107,39808.89785,18.89363923,857413503,350,350,MOORABOOL,MOORABOOL SHIRE,S097 1994 p25,25150,,,856969539,7/10/2024,2,LGAVIC_Zonal — zonal_statistics,/Users/hollytaylor/Documents/Python/Honours Project/Official Maps/Infrastructure layers/LGAVIC_Zonal.gpkg|layername=zonal_statistics,8,Moorabool,7734,24642,6716,0.586397208,58.6397208
136,,,,,,10833,45901.09682,4.237154696,857413502,370,370,WELLINGTON,WELLINGTON SHIRE,S094 1994 p16,26810,,,837408034,7/10/2024,1,LGAVIC_Zonal — zonal_statistics,/Users/hollytaylor/Documents/Python/Honours Project/Official Maps/Infrastructure layers/LGAVIC_Zonal.gpkg|layername=zonal_statistics,5,Wellington,7820,27339,10965,0.687113647,68.7113647
137,,,,,,60,114839.3525,1913.989208,857596454,342,342,MAROONDAH,MAROONDAH CITY,S097 1994 p24,24410,,,855619793,10/10/2024,5,LGAVIC_Zonal — zonal_statistics,/Users/hollytaylor/Documents/Python/Honours Project/Official Maps/Infrastructure layers/LGAVIC_Zonal.gpkg|layername=zonal_statistics,9,Maroondah,21146,75604,20684,0.553277604,55.3277604
138,,,,,,52,158624.1847,3050.46509,857596452,316,316,DAREBIN,DAREBIN CITY,S097 1994 p20,21890,,,856969543,10/10/2024,5,LGAVIC_Zonal — zonal_statistics,/Users/hollytaylor/Documents/Python/Honours Project/Official Maps/Infrastructure layers/LGAVIC_Zonal.gpkg|layername=zonal_statistics,9,Darebin,22329,111351,22003,0.398128441,39.8128441
139,,,,,,118,132672.8687,1124.346345,857596453,340,340,MANNINGHAM,MANNINGHAM CITY,S158 1999 p10,24210,,,857371175,10/10/2024,5,LGAVIC_Zonal — zonal_statistics,/Users/hollytaylor/Documents/Python/Honours Project/Official Maps/Infrastructure layers/LGAVIC_Zonal.gpkg|layername=zonal_statistics,10,Manningham,20970,80350,28194,0.611873055,61.1873055
140,,,,,,123,197402.3422,1604.897091,857596450,308,308,BRIMBANK,BRIMBANK CITY,S097 1994 p18,21180,,,856969541,10/10/2024,5,LGAVIC_Zonal — zonal_statistics,/Users/hollytaylor/Documents/Python/Honours Project/Official Maps/Infrastructure layers/LGAVIC_Zonal.gpkg|layername=zonal_statistics,4,Brimbank,32786,130429,32831,0.50308597,50.308597
141,,,,,,39,190081.9497,4873.896147,857596456,343,343,MELBOURNE,MELBOURNE CITY,G050 2007 p3095,24600,,,857371178,10/10/2024,5,LGAVIC_Zonal — zonal_statistics,/Users/hollytaylor/Documents/Python/Honours Project/Official Maps/Infrastructure layers/LGAVIC_Zonal.gpkg|layername=zonal_statistics,10,Melbourne,9975,156152,11269,0.136046929,13.6046929
142,,,,,,59,170935.6323,2897.214106,857596457,307,307,BOROONDARA,BOROONDARA CITY,S035 1994 p18,21110,,,857371179,10/10/2024,5,LGAVIC_Zonal — zonal_statistics,/Users/hollytaylor/Documents/Python/Honours Project/Official Maps/Infrastructure layers/LGAVIC_Zonal.gpkg|layername=zonal_statistics,10,Boroondara,26400,116762,31375,0.494809955,49.4809955
143,,,,,,1254,289054.057,230.5056276,857413505,327,327,GREATER GEELONG,GREATER GEELONG CITY,S008 1994 p7,22750,,,856190180,7/10/2024,2,LGAVIC_Zonal — zonal_statistics,/Users/hollytaylor/Documents/Python/Honours Project/Official Maps/Infrastructure layers/LGAVIC_Zonal.gpkg|layername=zonal_statistics,8,Greater Geelong,50060,177383,55366,0.594341059,59.4341059
144,,,,,,27,115871.3893,4291.532936,857596458,363,363,STONNINGTON,STONNINGTON CITY,S035 1994 p22,26350,,,857371182,10/10/2024,5,LGAVIC_Zonal — zonal_statistics,/Users/hollytaylor/Documents/Python/Honours Project/Official Maps/Infrastructure layers/LGAVIC_Zonal.gpkg|layername=zonal_statistics,10,Stonnington,11880,81334,18121,0.368861731,36.8861731
145,,,,,,64,129219.5461,2019.055409,857596451,303,303,BANYULE,BANYULE CITY,S097 1994 p17,20660,,,856190174,10/10/2024,5,LGAVIC_Zonal — zonal_statistics,/Users/hollytaylor/Documents/Python/Honours Project/Official Maps/Infrastructure layers/LGAVIC_Zonal.gpkg|layername=zonal_statistics,10,Banyule,22780,82719,24103,0.56677426,56.677426
146,,,,,,1420,78618.08601,55.3648493,857413506,337,337,LATROBE,LATROBE CITY,S094 1994 p12,23810,,,837408037,7/10/2024,1,LGAVIC_Zonal — zonal_statistics,/Users/hollytaylor/Documents/Python/Honours Project/Official Maps/Infrastructure layers/LGAVIC_Zonal.gpkg|layername=zonal_statistics,2,Latrobe (Vic.),13930,47577,16647,0.64268449,64.268449
147,,,,,,21,113737.7354,5416.082636,857596455,376,376,YARRA,YARRA CITY,S035 1994 p14,27350,,,856969546,10/10/2024,5,LGAVIC_Zonal — zonal_statistics,/Users/hollytaylor/Documents/Python/Honours Project/Official Maps/Infrastructure layers/LGAVIC_Zonal.gpkg|layername=zonal_statistics,10,Yarra,9827,76616,11005,0.271901431,27.1901431
148,,,,,,2,0,0,468592537,389,389,GABO ISLAND (UNINC),GABO ISLAND (UNINCORPORATED),,29399,,,310728610,24/10/2013,5,LGAVIC_Zonal — zonal_statistics,/Users/hollytaylor/Documents/Python/Honours Project/Official Maps/Infrastructure layers/LGAVIC_Zonal.gpkg|layername=zonal_statistics,9,Unincorporated Vic,78,760,115,0.253947368,25.3947368
149,,,,,,3650,30166.73855,8.264859876,550293890,368,368,WANGARATTA,WANGARATTA RURAL CITY,G028 1996 p1872,26700,,,540660454,20/4/2018,1,LGAVIC_Zonal — zonal_statistics,/Users/hollytaylor/Documents/Python/Honours Project/Official Maps/Infrastructure layers/LGAVIC_Zonal.gpkg|layername=zonal_statistics,6,Wangaratta,5216,17432,7354,0.721087655,72.1087655
150,,,,,,2461,159621.1019,64.86026081,857596449,377,377,YARRA RANGES,YARRA RANGES SHIRE,G040 2003 p2574,27450,,,821999870,10/10/2024,2,LGAVIC_Zonal — zonal_statistics,/Users/hollytaylor/Documents/Python/Honours Project/Official Maps/Infrastructure layers/LGAVIC_Zonal.gpkg|layername=zonal_statistics,9,Yarra Ranges,29720,100321,28653,0.581862222,58.1862222
151,,,,,,21,110001.957,5238.188428,743233027,358,358,PORT PHILLIP,PORT PHILLIP CITY,S035 1994 p26,25900,,,739400718,17/4/2023,5,LGAVIC_Zonal — zonal_statistics,/Users/hollytaylor/Documents/Python/Honours Project/Official Maps/Infrastructure layers/LGAVIC_Zonal.gpkg|layername=zonal_statistics,10,Port Phillip,11529,83337,14649,0.314122179,31.4122179
152,,,,,,530,221348.3406,417.6383785,857413504,344,344,MELTON,MELTON CITY,G036 2012 p2017,24650,,,856969540,7/10/2024,4,LGAVIC_Zonal — zonal_statistics,/Users/hollytaylor/Documents/Python/Honours Project/Official Maps/Infrastructure layers/LGAVIC_Zonal.gpkg|layername=zonal_statistics,7,Melton,50148,137876,18046,0.494603847,49.4603847
153,,,,,,3,30,10,808850953,124107200,383,MOUNT BAW BAW ALPINE RESORT (UNINC),MOUNT BAW BAW ALPINE RESORT (UNINCORPORATED),,29399,,17/12/2004,468592560,30/10/2023,5,LGAVIC_Zonal — zonal_statistics,/Users/hollytaylor/Documents/Python/Honours Project/Official Maps/Infrastructure layers/LGAVIC_Zonal.gpkg|layername=zonal_statistics,9,Unincorporated Vic,78,760,115,0.253947368,25.3947368
154,,,,,,3436,21666.66324,6.305780918,810305324,314,314,COLAC OTWAY,COLAC OTWAY SHIRE,S063 1994 p10,21750,,,805744890,6/11/2023,1,LGAVIC_Zonal — zonal_statistics,/Users/hollytaylor/Documents/Python/Honours Project/Official Maps/Infrastructure layers/LGAVIC_Zonal.gpkg|layername=zonal_statistics,4,Colac Otway,3776,13027,5470,0.709756659,70.9756659
155,,,,,,4406,15814.18164,3.589237777,810305322,315,315,CORANGAMITE,CORANGAMITE SHIRE,S063 1994 p11,21830,,,805744889,6/11/2023,1,LGAVIC_Zonal — zonal_statistics,/Users/hollytaylor/Documents/Python/Honours Project/Official Maps/Infrastructure layers/LGAVIC_Zonal.gpkg|layername=zonal_statistics,6,Corangamite,2579,9305,4064,0.713917249,71.3917249
156,,,,,,5478,18008.13151,3.287355149,810305323,354,354,MOYNE,MOYNE SHIRE,G003 1996 p205,25490,,,798566876,6/11/2023,1,LGAVIC_Zonal — zonal_statistics,/Users/hollytaylor/Documents/Python/Honours Project/Official Maps/Infrastructure layers/LGAVIC_Zonal.gpkg|layername=zonal_statistics,8,Moyne,3295,10376,3939,0.697185813,69.7185813
157,,,,,,132,145923.784,1105.483212,812633108,320,320,FRANKSTON,FRANKSTON CITY,S097 1994 p21,22170,,,785173807,24/11/2023,5,LGAVIC_Zonal — zonal_statistics,/Users/hollytaylor/Documents/Python/Honours Project/Official Maps/Infrastructure layers/LGAVIC_Zonal.gpkg|layername=zonal_statistics,8,Frankston,26386,92688,23752,0.540933023,54.0933023
158,,,,,,864,41418.16611,47.93769226,812373714,304,304,BASS COAST,BASS COAST SHIRE,S097 1994 p17,20740,,,804192915,20/11/2023,4,LGAVIC_Zonal — zonal_statistics,/Users/hollytaylor/Documents/Python/Honours Project/Official Maps/Infrastructure layers/LGAVIC_Zonal.gpkg|layername=zonal_statistics,6,Bass Coast,6368,23453,12908,0.821899117,82.1899117
159,,,,,,2350,14604.06304,6.214494909,815857844,381,381,BENALLA,BENALLA RURAL CITY,G042 2002 p2837,21010,,29/1/2003,569517636,4/12/2023,1,LGAVIC_Zonal — zonal_statistics,/Users/hollytaylor/Documents/Python/Honours Project/Official Maps/Infrastructure layers/LGAVIC_Zonal.gpkg|layername=zonal_statistics,4,Benalla,2077,8129,4323,0.787304712,78.7304712
160,,,,,,3,1.532847047,0.510949016,820277767,124107201,385,LAKE MOUNTAIN ALPINE RESORT (UNINC),LAKE MOUNTAIN ALPINE RESORT (UNINCORPORATED),,29399,,17/12/2004,806916804,19/12/2023,5,LGAVIC_Zonal — zonal_statistics,/Users/hollytaylor/Documents/Python/Honours Project/Official Maps/Infrastructure layers/LGAVIC_Zonal.gpkg|layername=zonal_statistics,9,Unincorporated Vic,78,760,115,0.253947368,25.3947368
161,,,,,,4028,62076.23953,15.41118161,820277770,305,305,BAW BAW,BAW BAW SHIRE,S094 1994 p9,20830,,,812373710,19/12/2023,1,LGAVIC_Zonal — zonal_statistics,/Users/hollytaylor/Documents/Python/Honours Project/Official Maps/Infrastructure layers/LGAVIC_Zonal.gpkg|layername=zonal_statistics,7,Baw Baw,11480,36049,13115,0.682265805,68.2265805